date,0,3,5,7,8,11,12,13,14,16,18,19,20,22,23,24,25,28,29,30,31,32,33,34,35,36,37,38,39,41,43,44,45,46,47,48,49,50,53,54,55,56,57,59,60,61,63,64,65,66,67,68,69,70,71,73,74,75,76,77,78,82,83,84,89,93,94,95,96,97,98,99,100,101,102,104,105,107,108,112,113,118,119,120,121,122,123,124,137,138,143,144,145,146,147,148,154,157,158,166,168,170,174,179,180,182,184,185,188,189,191,195,198,202,203,205,206,208,210,211
2004-01-01,38,54,88,54,46,49,75,57,76,44,50,79,41,82,71,88,98,58,57,87,93,96,53,69,69,19,35,63,36,60,81,53,52,58,60,66,100,45,97,75,42,84,56,82,86,5,38,45,60,65,63,45,42,41,34,48,62,84,74,90,64,72,85,63,47,28,46,77,54,63,46,13,75,51,58,59,23,91,45,28,59,41,57,71,24,25,71,45,35,50,36,26,61,26,25,67,39,75,49,73,50,43,97,67,46,70,79,63,49,83,62,78,49,48,69,51,61,72,93,5
2004-02-01,40,53,83,54,46,45,75,55,73,43,46,76,39,73,67,77,99,61,59,79,99,91,52,67,67,19,34,63,33,54,77,55,51,58,63,65,83,44,97,71,42,76,50,72,84,5,34,45,57,64,66,43,39,40,35,44,58,82,67,95,58,52,79,70,49,32,44,78,52,47,41,17,55,68,56,52,23,99,42,29,51,46,62,60,19,26,53,50,42,48,41,22,76,30,30,55,37,72,48,70,47,57,96,68,39,67,82,59,50,63,60,79,48,86,69,52,59,71,72,5
2004-03-01,40,54,84,63,45,49,77,58,76,46,47,84,43,80,73,83,92,61,61,76,99,90,52,68,71,20,35,60,37,56,75,56,53,67,65,67,100,45,99,73,44,87,51,72,90,4,29,47,58,69,67,45,40,38,35,51,70,87,82,94,56,66,90,51,50,26,45,67,57,60,41,11,48,48,57,59,25,91,44,29,62,50,62,59,22,25,57,50,39,49,40,25,66,31,28,42,39,68,52,79,43,45,100,74,57,67,83,63,53,75,65,85,47,43,73,55,61,67,78,5
2004-04-01,47,58,85,60,48,53,77,58,76,44,50,77,46,76,62,83,92,62,65,79,100,89,52,68,71,23,37,64,38,57,76,59,52,68,69,71,86,46,98,70,47,82,53,73,82,5,38,56,64,74,71,47,41,41,35,52,64,86,74,95,60,77,95,69,54,34,49,65,61,61,41,13,53,63,56,60,25,93,45,28,63,67,74,62,24,26,39,55,45,41,45,27,66,32,26,54,40,72,57,72,47,52,95,81,62,65,82,60,59,82,65,86,60,74,79,72,77,72,73,6
2004-05-01,40,56,85,50,47,54,75,58,76,45,51,77,51,79,61,87,88,61,62,74,96,87,52,71,73,21,34,59,39,56,69,60,52,66,70,71,81,49,100,67,46,83,53,77,79,5,40,57,67,74,73,48,40,44,37,60,70,78,71,88,60,66,79,70,56,36,49,64,61,56,39,15,54,50,61,58,27,78,44,32,62,64,71,69,27,25,54,45,36,54,47,43,70,30,20,47,40,68,55,83,54,63,95,76,65,62,84,61,55,74,66,79,55,51,83,72,74,73,74,7
2004-06-01,30,58,84,58,49,55,81,63,77,48,55,80,56,76,62,86,88,66,70,76,98,86,47,70,75,21,41,66,39,60,76,60,54,63,73,72,86,57,100,68,52,84,56,73,83,6,45,54,68,72,76,52,44,48,36,54,94,85,73,100,64,55,76,70,62,38,50,72,65,69,37,16,60,60,66,61,32,94,44,28,78,52,64,66,27,26,42,47,38,57,46,33,64,35,34,51,45,73,56,73,53,61,91,86,71,65,83,61,56,86,74,86,52,57,86,81,78,76,66,7
2004-07-01,76,52,79,56,47,52,70,60,68,42,51,70,51,53,47,75,75,64,71,73,86,83,45,63,67,20,43,67,37,59,69,57,47,54,70,65,72,55,87,58,56,76,39,64,73,6,39,56,71,66,86,46,43,38,35,51,87,76,62,85,62,43,68,61,66,35,49,60,64,51,39,13,49,49,66,59,29,82,36,26,65,65,64,60,23,25,38,46,45,58,44,36,67,35,34,38,36,70,54,63,39,63,78,90,60,57,73,57,54,76,66,82,42,65,91,88,85,81,74,6
2004-08-01,52,51,75,52,47,53,63,60,66,37,50,62,53,53,45,68,61,51,67,72,77,79,46,63,63,20,38,59,40,59,65,54,45,54,67,59,62,46,87,48,53,70,37,63,65,6,35,49,63,69,76,44,44,35,35,47,47,68,54,77,58,28,69,57,55,29,50,57,61,43,34,13,41,58,63,64,27,75,34,27,60,79,65,63,24,26,41,42,40,47,38,30,61,31,19,48,34,59,49,59,47,58,70,82,45,50,68,52,54,67,63,75,41,64,80,71,68,74,65,6
2004-09-01,68,54,87,63,47,58,84,69,77,41,55,83,49,77,67,82,93,74,70,87,90,91,56,67,71,22,45,78,39,58,71,60,56,69,78,76,95,56,94,71,55,78,53,75,96,6,26,58,66,76,70,49,48,39,39,53,76,85,76,88,64,43,82,68,60,29,55,78,74,70,46,14,46,62,57,86,27,88,50,33,66,63,63,67,30,28,44,50,47,48,43,32,68,32,21,51,38,88,58,82,48,66,92,73,54,60,64,63,57,95,64,88,44,63,80,62,54,65,74,6
2004-10-01,68,59,90,63,52,58,82,69,82,41,60,84,47,82,67,87,88,67,64,88,91,94,56,74,74,24,43,73,46,64,76,61,56,66,75,78,82,53,86,77,60,87,55,85,89,5,26,57,67,78,70,53,50,40,44,61,65,91,79,90,68,67,74,52,60,31,48,76,70,60,53,16,50,53,69,90,32,100,50,35,69,53,60,65,32,34,50,50,49,55,45,31,67,38,28,57,46,78,62,80,59,48,95,73,55,70,67,70,57,90,67,76,38,60,77,64,46,67,75,7
2004-11-01,52,61,92,61,58,60,82,75,85,45,68,84,48,91,75,94,93,60,61,90,91,96,55,80,77,25,44,73,45,74,80,63,57,66,73,78,83,55,85,77,56,96,73,83,88,5,22,54,73,78,69,57,59,48,45,69,63,89,74,94,76,60,91,67,62,29,48,81,61,70,52,27,58,66,67,86,36,92,54,45,72,46,60,73,36,36,58,58,58,57,52,29,66,42,31,52,53,71,61,78,60,50,95,65,44,78,63,65,57,91,68,86,43,79,74,57,41,66,91,8
2004-12-01,52,66,100,63,61,60,79,81,87,46,78,82,47,89,78,100,90,61,56,100,91,100,56,83,81,26,48,68,41,75,94,69,56,59,71,67,76,56,95,78,62,89,95,84,73,5,39,54,86,76,69,65,66,73,54,71,57,83,70,93,93,64,100,58,65,33,44,82,52,63,50,49,100,63,64,100,43,85,50,44,73,49,55,85,43,43,53,71,53,49,55,35,75,40,33,51,55,68,57,83,83,52,92,68,44,86,83,72,70,74,77,96,46,61,74,58,47,74,100,9
2005-01-01,60,68,96,71,57,64,91,84,95,53,67,94,54,96,80,97,100,70,78,97,97,97,64,88,81,26,51,82,43,67,89,66,64,67,82,82,94,63,97,97,63,100,100,90,100,6,44,52,76,85,83,63,62,47,45,66,73,92,80,96,79,75,87,73,66,32,54,87,76,74,53,17,72,57,71,95,43,91,59,49,75,53,66,70,36,34,56,56,53,62,52,32,88,40,34,92,52,89,63,88,100,59,100,81,52,82,88,74,62,86,79,98,46,100,91,66,70,88,91,10
2005-02-01,99,67,89,73,57,62,90,77,89,55,63,88,51,86,74,89,96,60,82,87,97,93,60,80,80,27,48,78,46,63,89,65,61,72,81,83,91,60,92,80,67,95,58,87,98,6,54,52,71,84,80,56,57,55,47,49,68,91,77,97,69,67,91,79,67,35,50,85,80,73,48,21,62,58,68,87,49,98,54,43,70,48,69,64,30,38,51,51,52,60,50,32,96,41,27,57,53,84,65,82,56,54,96,86,53,83,82,65,70,96,80,93,49,87,90,75,67,84,81,11
2005-03-01,61,68,87,83,59,63,90,77,90,56,64,92,53,91,75,94,97,68,81,83,100,87,61,83,83,30,50,79,44,62,90,70,63,75,85,83,88,67,91,85,69,99,61,87,94,7,54,54,75,92,85,58,57,46,45,60,80,100,84,92,70,71,81,68,68,36,55,80,76,64,53,16,56,58,71,86,49,100,57,48,75,55,77,64,35,34,57,55,46,65,53,35,87,45,43,61,53,83,64,80,46,61,98,88,69,81,78,63,71,80,82,98,61,73,87,74,74,83,72,11
2005-04-01,72,66,82,79,57,63,85,75,92,53,64,85,54,84,75,93,90,64,80,74,95,83,58,79,81,31,48,73,45,61,93,70,61,75,84,79,77,63,88,77,72,95,51,99,85,7,51,69,75,89,84,61,55,47,42,61,68,92,74,85,66,75,71,78,68,40,49,78,84,52,49,17,51,59,72,75,52,87,54,45,75,70,78,63,33,30,41,53,49,61,54,48,84,42,34,70,55,75,64,81,56,58,96,93,82,76,80,66,76,89,88,92,47,67,90,81,84,84,71,12
2005-05-01,62,69,82,69,59,66,86,77,91,60,65,89,64,88,74,92,92,61,82,73,97,85,59,94,79,31,51,72,43,62,91,71,60,78,87,82,82,66,90,77,76,99,57,89,90,7,54,70,80,92,83,61,59,60,43,62,77,91,77,89,67,66,76,87,72,41,55,74,83,63,46,22,53,54,67,77,51,85,55,47,82,72,77,65,36,32,48,55,46,67,57,48,82,39,34,70,53,79,68,78,57,66,100,88,86,73,95,64,68,76,89,95,53,71,91,80,83,79,67,12
2005-06-01,55,71,81,71,62,64,90,76,88,61,67,88,68,77,68,90,89,71,84,72,97,81,55,84,84,30,55,82,45,65,88,70,61,69,88,85,73,74,86,74,74,96,51,83,89,7,65,64,79,89,92,62,61,48,42,64,100,89,79,92,71,48,78,77,82,47,54,75,80,53,51,21,47,50,79,77,60,91,52,42,97,74,78,55,36,30,46,57,44,65,56,50,79,40,31,64,53,83,67,78,60,59,89,94,92,73,87,62,71,89,93,95,53,60,92,97,94,91,58,13
2005-07-01,58,63,73,67,57,61,79,70,78,56,61,79,63,58,53,75,69,56,83,67,81,75,51,75,76,29,57,74,43,60,76,64,53,59,83,68,61,68,77,58,75,85,39,75,72,7,59,56,81,81,95,56,56,44,41,55,97,81,66,77,65,45,58,62,80,43,50,65,75,48,45,17,42,73,72,71,51,76,41,48,73,58,77,56,32,29,41,49,50,61,48,41,78,39,45,62,50,72,61,77,49,62,73,98,68,62,85,64,70,78,84,84,37,73,99,85,100,96,62,12
2005-08-01,54,59,71,64,56,62,71,69,71,48,59,70,56,57,48,71,62,55,80,69,72,74,50,69,71,29,53,70,40,58,71,62,48,55,77,70,49,59,77,51,73,76,34,70,64,7,49,61,70,81,87,53,52,38,41,59,48,69,57,70,63,31,54,60,71,37,52,67,79,51,45,17,37,67,73,72,49,71,40,47,74,59,74,59,32,29,44,53,52,57,45,37,79,43,30,68,43,61,59,61,45,58,68,84,56,61,76,64,64,65,78,78,42,62,92,75,72,87,65,11
2005-09-01,30,65,81,75,60,69,92,85,86,56,68,92,59,85,74,85,88,75,80,78,85,82,50,76,80,33,58,91,42,61,75,67,61,70,88,88,80,69,82,74,79,86,57,80,96,8,51,64,75,87,74,62,66,44,44,68,79,89,79,88,71,54,70,75,73,37,57,95,88,57,57,20,44,92,78,95,48,92,61,50,73,62,68,63,39,32,43,58,57,61,52,42,73,44,37,70,51,91,70,77,56,61,90,75,73,67,78,73,65,99,77,82,52,73,84,77,60,71,69,12
2005-10-01,40,70,83,73,67,68,92,81,89,51,69,89,61,93,77,86,86,63,74,78,90,85,55,80,83,34,56,88,50,69,84,71,63,73,86,88,75,69,79,79,81,90,55,90,86,7,37,59,77,92,75,63,66,45,51,64,65,90,77,86,70,67,81,78,73,34,74,81,78,71,59,20,43,100,76,95,55,82,61,50,77,62,71,68,42,39,49,57,58,57,57,42,73,44,36,69,63,83,71,77,54,66,95,78,61,77,75,76,81,80,85,82,43,65,78,82,61,74,80,14
2005-11-01,47,70,85,73,64,69,94,86,92,58,80,92,59,100,81,93,91,73,69,81,94,85,57,88,86,36,61,79,48,70,84,70,61,70,82,89,83,70,80,84,84,94,78,88,90,7,43,61,80,94,68,68,84,53,51,77,64,91,80,90,80,68,86,79,78,37,60,81,74,63,58,35,48,92,72,93,58,98,66,56,74,58,69,80,46,38,52,64,56,53,63,52,70,42,36,69,67,76,71,83,63,55,96,68,52,83,75,73,80,83,82,92,53,80,74,63,48,70,81,15
2005-12-01,46,78,89,73,78,70,86,93,92,59,90,83,61,92,81,95,83,66,62,85,92,88,56,97,92,38,63,78,51,81,100,81,59,63,78,79,71,69,82,79,87,90,97,89,74,6,55,52,94,93,70,76,86,83,61,85,55,84,76,84,100,74,81,76,77,38,49,90,66,78,60,63,93,86,81,100,71,84,60,60,80,53,67,86,53,49,55,80,58,50,70,59,83,48,32,71,77,68,63,74,60,52,87,67,50,97,78,78,89,72,92,94,44,75,74,62,51,76,93,19
2006-01-01,54,74,87,82,72,73,96,88,96,62,77,95,65,95,87,91,92,69,85,84,95,87,55,92,87,35,67,94,50,64,88,72,67,75,85,91,84,67,89,84,93,98,61,97,94,8,56,53,84,94,85,74,77,51,49,72,74,94,83,91,79,87,80,81,78,40,56,87,84,73,64,22,67,83,78,98,62,94,70,64,79,59,72,73,42,37,52,61,56,62,57,47,87,43,36,100,62,93,73,82,60,63,99,78,60,84,91,75,80,100,87,94,52,84,84,68,74,90,83,17
2006-02-01,64,74,81,78,73,71,91,84,94,59,71,91,66,88,76,85,94,62,92,74,98,84,59,93,89,36,64,91,50,68,84,76,65,74,87,93,78,66,84,81,93,96,55,94,88,8,54,54,82,96,84,64,71,57,51,58,66,90,80,87,67,71,79,83,76,43,58,82,88,65,61,30,56,90,78,90,73,95,64,63,73,47,73,68,36,38,56,57,54,61,59,47,96,46,33,73,66,85,71,81,58,74,91,80,57,98,81,75,90,85,91,93,44,84,84,62,78,85,76,18
2006-03-01,50,76,77,81,73,72,96,84,99,63,70,96,63,89,77,86,90,73,91,71,97,76,57,84,91,38,66,87,50,65,86,76,68,81,90,90,87,74,81,100,91,98,54,90,95,8,56,59,82,99,83,65,76,51,49,64,86,93,85,92,66,76,74,79,81,43,57,77,92,73,64,21,49,83,77,89,73,97,70,63,74,59,75,67,39,36,57,58,53,68,59,48,91,44,38,72,64,89,75,81,56,78,97,86,77,81,79,76,79,87,92,97,52,83,91,78,78,84,73,19
2006-04-01,64,76,74,79,78,72,90,81,93,59,71,88,69,80,68,86,84,58,90,65,93,74,52,86,90,41,65,82,57,74,81,76,63,78,93,86,70,72,84,79,94,96,51,87,80,9,57,77,85,99,87,69,75,54,48,67,71,85,75,83,64,67,74,95,86,47,57,70,86,69,60,22,55,86,75,76,78,85,65,65,79,62,86,61,40,35,53,57,55,62,61,54,84,47,31,89,64,74,72,79,62,70,89,88,82,77,76,72,87,82,96,91,47,79,90,80,83,86,68,20
2006-05-01,74,75,72,91,73,73,91,80,92,66,72,90,77,90,70,86,82,62,88,63,94,72,59,88,88,41,68,79,68,69,78,76,63,77,95,86,73,71,77,72,94,99,53,92,81,8,76,86,87,100,83,71,72,62,47,67,76,94,79,84,66,63,69,80,87,49,56,73,87,66,58,26,49,87,77,71,70,94,69,66,80,70,84,64,43,34,53,62,54,63,65,67,85,48,32,85,58,80,73,78,61,70,89,87,90,72,79,72,81,88,91,98,59,54,89,83,78,83,61,21
2006-06-01,45,75,75,87,78,71,94,90,91,65,73,88,100,79,68,84,80,64,91,63,97,74,60,78,90,44,74,83,61,76,77,76,63,71,94,87,77,80,98,70,99,97,48,86,84,9,65,75,89,97,90,75,76,53,47,72,99,92,77,89,68,51,75,78,91,52,59,84,82,55,58,25,49,87,81,74,81,93,62,69,97,73,78,59,40,34,45,62,55,68,64,67,76,46,32,78,59,84,72,76,57,73,92,89,82,76,79,72,79,79,100,95,54,73,92,80,80,95,54,26
2006-07-01,32,69,69,78,74,74,82,86,81,62,70,78,82,56,53,72,67,55,94,61,82,67,46,73,82,41,77,80,56,72,69,69,51,61,89,86,54,79,78,58,98,88,35,78,67,9,72,61,84,89,100,66,74,45,44,65,89,77,66,73,64,37,61,77,92,46,52,67,86,58,52,20,39,72,77,70,76,75,51,63,85,70,85,57,38,30,41,58,56,62,55,55,78,42,41,73,52,76,75,67,51,73,69,100,71,77,72,64,80,65,96,92,56,58,98,100,93,97,54,25
2006-08-01,56,70,72,74,71,77,77,82,77,61,70,74,68,57,52,74,63,54,94,67,75,69,49,75,82,42,69,77,66,70,74,70,50,64,90,80,57,70,70,54,97,84,39,76,64,9,69,66,79,96,90,66,68,44,47,64,50,69,61,74,65,37,50,70,86,39,53,73,91,62,54,21,38,71,75,75,73,73,49,67,79,64,83,63,39,36,50,59,78,60,54,47,81,51,28,82,51,64,74,63,47,72,68,85,67,67,79,65,76,63,89,88,60,50,92,81,77,88,71,27
2006-09-01,51,78,79,86,74,80,97,96,94,65,77,94,73,81,76,86,84,66,94,75,86,78,50,77,91,51,76,96,72,71,78,75,61,74,98,98,74,83,76,75,99,95,46,94,92,10,64,79,83,100,79,72,84,50,52,70,79,90,83,87,69,57,73,80,85,44,61,98,100,67,64,23,42,75,78,95,71,87,74,76,84,72,77,66,43,39,48,66,79,68,62,57,80,49,39,87,58,92,81,82,61,76,88,79,78,76,77,76,82,89,84,92,52,91,90,70,58,76,64,32
2006-10-01,68,80,80,85,80,81,99,95,97,58,79,96,69,86,75,88,88,63,88,73,93,82,54,83,93,57,79,92,72,77,79,78,63,77,96,100,77,79,80,77,100,98,60,90,89,10,46,75,85,97,76,73,81,49,56,77,68,92,78,91,67,77,76,88,87,43,57,87,89,62,72,25,41,83,77,95,78,91,79,71,82,52,76,68,46,45,53,69,90,64,65,51,82,51,34,91,69,83,84,82,60,69,94,83,90,84,70,81,91,82,86,91,48,68,92,69,51,75,64,41
2006-11-01,60,86,82,85,84,83,99,95,98,60,86,97,68,92,77,91,92,66,84,74,93,83,52,92,94,63,81,89,76,79,83,77,61,78,89,99,74,77,76,83,98,95,63,89,87,10,36,66,88,97,75,76,90,62,58,95,68,92,79,91,78,96,76,87,86,42,54,98,85,67,70,46,42,80,76,90,79,96,84,76,81,60,71,82,51,44,50,75,94,61,69,57,80,48,31,86,72,80,83,80,64,70,95,74,55,90,72,80,87,84,84,98,56,83,84,64,47,71,68,45
2006-12-01,75,90,87,86,96,79,94,99,94,64,98,87,67,88,82,96,80,59,71,78,86,84,53,94,100,67,87,82,95,98,98,86,56,70,86,83,61,80,73,77,97,95,89,90,67,9,51,65,100,94,75,84,100,95,69,100,58,80,72,81,100,84,70,83,89,43,49,94,73,68,78,79,87,82,74,87,94,91,75,78,87,51,62,91,64,57,56,96,90,59,78,63,93,51,29,84,77,69,73,86,59,63,85,67,53,100,76,79,100,79,92,91,48,78,83,71,50,77,82,54
2007-01-01,52,86,85,97,84,86,100,100,100,76,87,98,74,90,77,88,88,70,100,76,91,84,55,93,94,63,91,100,99,77,93,78,64,78,91,95,77,75,78,89,98,99,54,93,91,11,71,57,87,96,88,82,95,55,54,79,72,94,79,93,78,100,76,92,86,42,57,100,100,69,76,28,63,78,76,98,87,97,85,92,86,52,71,69,47,41,67,70,86,69,65,55,92,46,35,99,70,91,83,99,64,79,94,80,70,94,81,83,89,88,87,100,58,86,93,74,73,92,75,51
2007-02-01,57,89,79,90,88,83,96,94,98,72,76,92,70,81,74,80,85,71,99,71,90,83,58,95,95,68,84,93,100,78,91,79,61,81,96,95,72,75,73,81,95,95,50,89,83,13,66,64,85,97,88,70,81,59,55,65,69,90,77,87,69,90,77,100,87,46,56,95,96,65,75,32,50,74,72,86,91,90,80,80,84,54,83,66,40,45,64,64,92,75,62,54,100,51,33,84,76,85,86,79,58,73,87,87,61,92,88,82,91,88,88,97,47,75,94,80,75,91,69,56
2007-03-01,57,87,75,89,86,82,95,89,97,75,78,95,68,83,71,82,83,64,100,65,89,76,60,87,99,74,86,88,97,77,90,78,63,86,97,95,74,74,71,81,88,97,56,88,86,14,64,80,84,97,91,69,80,51,51,86,78,94,83,89,67,88,66,94,90,48,58,79,94,58,72,23,42,87,72,75,86,90,84,78,86,70,83,65,42,40,47,63,82,71,64,57,93,50,37,90,77,80,85,85,56,75,91,84,77,91,77,75,91,86,87,100,60,73,96,76,83,87,62,62
2007-04-01,54,88,69,88,87,79,91,86,89,98,75,88,69,75,64,74,80,61,96,59,82,69,53,82,96,80,83,82,87,81,86,78,56,79,95,87,64,74,68,69,87,93,41,85,72,15,65,83,86,95,87,72,78,55,48,69,64,86,77,80,62,74,57,87,87,54,55,73,92,57,68,30,43,69,70,68,90,83,76,80,87,77,86,58,42,36,45,60,78,62,64,58,82,47,29,93,77,72,79,79,52,74,84,86,79,82,74,74,89,77,90,91,50,67,92,78,78,89,54,64
2007-05-01,62,91,69,99,84,80,89,89,95,100,77,96,75,79,71,80,80,61,95,59,83,67,53,91,99,89,82,78,86,77,89,80,58,80,98,87,63,71,63,73,80,98,49,84,74,16,87,93,88,100,85,72,77,61,50,72,73,91,86,82,66,73,59,91,88,51,58,79,92,58,69,32,40,69,67,68,89,84,80,81,84,80,80,61,45,38,48,63,82,65,64,60,76,50,31,92,80,76,77,77,55,80,84,79,81,82,87,75,91,86,87,94,57,74,90,82,74,80,56,68
2007-06-01,73,95,71,98,90,79,94,92,94,90,83,100,83,74,73,82,79,72,99,62,87,70,59,88,100,96,88,86,91,83,93,83,61,77,100,88,63,83,67,66,83,99,42,83,77,19,100,85,88,96,93,79,83,60,50,77,98,90,100,86,68,61,60,92,98,57,59,82,93,66,68,31,44,62,71,69,96,86,71,77,100,79,79,61,40,38,46,65,82,72,68,68,85,54,39,90,86,79,75,78,58,79,84,89,100,81,77,78,88,94,88,96,56,67,96,92,78,89,52,79
2007-07-01,62,86,64,88,86,77,85,83,88,76,76,84,76,61,60,71,64,55,98,58,76,63,53,87,87,85,93,80,89,82,89,73,53,68,94,80,54,78,63,58,82,87,49,73,64,18,93,70,90,89,100,72,78,48,47,70,84,85,69,78,65,46,52,83,100,53,53,77,86,58,61,25,35,66,73,67,88,79,58,81,80,69,80,56,39,34,42,64,82,67,60,64,82,50,43,81,92,75,73,69,53,81,69,95,76,69,76,69,84,70,86,89,52,55,100,97,91,97,51,69
2007-08-01,75,80,62,79,82,76,73,77,78,73,71,68,70,53,57,65,55,48,87,58,64,61,50,82,81,81,80,69,91,77,83,70,47,63,87,72,47,64,53,50,77,79,36,70,54,19,88,65,78,89,87,63,63,43,48,65,45,65,57,67,62,38,43,75,84,39,55,79,84,44,54,24,30,62,69,63,86,78,55,76,76,67,83,59,38,36,52,59,79,58,54,45,78,53,29,81,77,57,69,63,46,72,59,78,66,64,71,64,75,63,76,85,49,62,86,75,68,87,52,68
2007-09-01,75,87,68,88,82,79,89,90,92,66,78,86,81,73,97,73,74,58,88,65,74,67,50,83,89,85,87,87,85,78,88,77,56,74,94,89,68,74,63,66,76,87,45,84,79,21,56,81,81,91,76,74,76,46,50,71,74,86,74,78,62,54,61,89,81,44,63,96,90,61,69,25,32,74,63,77,81,83,82,92,79,61,66,61,41,41,42,67,86,58,62,60,82,52,30,83,80,80,75,76,54,79,81,75,75,72,77,76,81,85,75,90,59,69,84,70,52,70,51,76
2007-10-01,61,88,69,90,81,81,97,89,96,63,81,91,76,78,98,79,79,65,85,63,78,69,58,84,91,87,90,87,82,79,91,75,58,77,91,98,72,87,63,79,70,92,51,86,81,22,44,72,79,90,74,74,78,49,54,69,64,91,75,84,65,78,66,86,81,44,54,86,83,63,70,29,32,64,59,70,83,95,85,85,74,47,66,64,43,43,45,68,92,62,62,56,78,52,32,76,89,85,81,79,56,78,84,74,73,75,74,79,89,80,71,93,56,75,85,70,48,69,54,81
2007-11-01,90,91,73,87,89,82,98,91,94,62,89,88,67,80,92,82,81,70,78,66,78,68,61,91,94,93,89,81,82,88,95,78,57,75,84,94,68,100,60,85,71,90,57,79,73,24,40,67,81,89,71,78,86,60,56,84,64,88,74,82,73,75,67,77,82,44,51,89,75,58,70,49,35,67,63,70,89,91,89,92,78,51,64,75,48,44,51,79,100,61,70,61,80,55,28,75,95,75,81,80,55,68,82,67,63,88,70,82,87,82,72,96,55,73,80,66,47,66,54,88
2007-12-01,92,100,76,87,100,77,85,98,95,66,100,83,68,77,100,85,74,68,69,68,72,70,65,95,99,100,93,76,88,100,97,100,53,71,83,83,61,74,56,76,71,88,91,86,58,24,52,58,95,88,72,84,91,100,68,94,57,77,69,80,90,78,62,75,83,47,50,86,62,56,74,100,68,70,64,70,100,81,77,92,79,70,58,85,60,57,50,100,87,61,79,59,84,61,32,73,100,62,71,87,54,64,74,63,56,100,79,100,94,69,72,93,49,67,76,62,47,71,62,100
2008-01-01,62,91,70,97,83,80,90,89,95,70,85,89,73,78,90,78,81,78,92,65,70,66,59,91,88,90,100,90,90,77,85,80,59,73,86,93,67,68,57,76,74,91,48,85,79,28,50,57,79,86,79,82,83,53,51,73,68,86,75,79,71,79,59,76,79,44,55,85,82,57,74,30,48,67,69,68,84,96,85,98,82,54,62,64,43,39,59,68,85,74,61,52,90,53,35,75,88,85,76,82,54,70,79,72,59,83,79,88,77,81,69,95,55,80,84,62,67,82,50,86
2008-02-01,81,91,63,89,88,77,88,88,93,70,76,88,69,70,80,72,73,84,93,58,69,63,55,94,86,94,92,86,84,81,86,81,58,80,89,88,65,70,55,72,73,91,45,83,73,32,47,61,78,85,83,69,72,58,53,61,66,83,79,77,60,67,56,79,82,48,54,82,83,63,67,33,36,66,71,61,89,89,78,90,77,53,64,58,38,45,41,63,80,71,63,53,89,53,35,99,89,79,76,76,52,72,73,78,58,85,73,85,81,82,69,93,50,72,87,66,69,79,49,92
2008-03-01,70,97,64,90,87,80,89,88,96,93,80,96,71,75,75,75,73,87,95,58,66,63,61,90,91,94,91,80,84,81,85,80,58,82,89,93,69,69,54,78,73,92,75,86,71,37,67,74,81,90,85,70,74,51,54,70,75,84,95,77,59,75,60,78,82,49,58,76,85,57,66,26,35,69,77,59,89,89,83,94,82,79,67,61,42,44,43,67,89,69,62,56,89,54,37,88,92,71,78,79,53,75,74,79,79,88,68,77,81,75,68,92,60,74,91,70,71,79,49,93
2008-04-01,74,90,59,92,87,78,85,83,91,72,77,83,71,66,69,70,69,83,89,52,65,59,55,83,86,93,92,77,84,80,78,79,56,79,86,88,61,69,51,73,70,88,49,79,66,38,73,84,78,88,84,70,72,50,53,67,63,83,73,78,57,67,56,70,83,52,54,79,81,55,61,26,32,63,75,54,85,81,76,90,79,71,76,61,40,42,39,59,79,63,63,54,85,57,33,82,87,72,76,70,49,67,73,77,76,79,70,72,81,70,64,90,52,62,89,73,76,78,46,89
2008-05-01,76,87,57,100,83,77,84,79,90,78,76,81,79,66,63,69,65,100,86,49,61,54,56,83,87,91,88,70,77,79,74,78,53,79,88,85,54,71,47,71,69,96,45,78,63,40,92,100,80,88,79,71,69,60,51,68,70,82,70,72,56,66,53,65,81,56,55,70,77,46,61,33,34,60,75,53,83,75,75,89,78,69,71,59,43,39,40,63,71,64,65,66,78,52,33,85,82,72,74,68,50,70,70,72,75,75,73,69,73,77,62,90,58,65,83,74,70,74,40,90
2008-06-01,72,86,58,93,82,73,85,84,89,76,76,83,87,61,61,71,63,94,86,49,62,56,60,76,85,92,91,77,77,76,71,76,53,73,85,81,57,75,50,66,68,94,42,76,66,41,85,83,78,81,79,74,71,50,49,66,85,82,71,75,54,50,52,66,80,57,52,74,74,55,70,30,30,62,75,50,84,79,68,84,89,66,65,53,39,38,36,61,66,64,64,65,75,53,32,74,82,72,72,65,51,67,68,74,81,71,69,74,71,76,63,86,55,67,83,74,71,75,37,93
2008-07-01,78,80,53,83,76,71,75,78,76,71,69,73,72,47,47,59,51,56,85,44,54,49,46,74,77,87,92,71,70,71,61,68,46,62,78,75,48,69,44,52,68,81,31,66,53,41,87,70,76,74,87,65,64,44,45,62,72,71,61,66,53,37,44,59,81,48,48,70,70,49,52,25,27,56,80,47,76,73,54,80,76,58,71,50,36,34,38,57,69,58,53,60,71,47,40,69,76,67,70,58,47,72,53,75,54,63,62,61,68,61,64,81,51,61,91,77,81,82,39,85
2008-08-01,67,77,48,73,73,68,63,69,73,66,65,61,79,45,44,52,42,37,76,46,45,48,46,76,75,86,80,60,69,71,59,66,40,59,71,66,38,55,39,43,65,79,28,69,45,41,79,66,70,76,75,59,53,39,45,61,41,56,52,56,48,37,35,48,68,43,47,67,67,40,52,22,24,61,80,46,76,61,48,76,70,100,72,52,35,36,39,59,71,50,49,41,68,53,26,69,69,49,67,52,40,61,45,66,54,60,59,58,65,56,61,76,50,55,76,62,61,73,39,81
2008-09-01,73,80,55,89,72,72,82,85,82,65,73,81,68,60,62,65,61,61,77,52,53,55,46,76,79,87,94,81,70,65,61,70,51,66,80,85,59,63,47,62,69,81,41,81,68,50,59,76,72,75,69,68,69,45,50,62,66,78,71,71,50,48,55,60,69,42,55,80,67,50,61,27,25,58,90,53,70,86,76,90,68,65,55,57,38,42,39,60,72,56,54,48,71,50,27,66,73,71,77,67,46,64,67,64,68,66,62,68,67,86,60,81,52,62,74,57,45,60,38,82
2008-10-01,70,85,55,90,76,71,86,86,84,68,77,81,64,63,59,66,65,64,69,51,55,55,50,88,83,88,96,84,74,71,63,69,53,68,77,86,60,60,42,66,67,82,48,74,66,51,47,70,69,78,66,68,74,47,53,67,56,80,68,71,52,57,53,59,70,42,49,75,62,61,61,31,26,61,93,56,77,93,78,88,68,51,58,58,42,44,39,59,76,53,57,54,72,51,30,70,81,68,76,68,46,65,64,62,59,74,77,69,71,68,59,85,46,58,71,54,42,60,43,87
2008-11-01,74,90,59,81,83,75,80,88,87,69,89,81,65,66,62,71,67,61,64,54,53,57,50,96,85,92,87,71,77,83,64,71,51,68,78,79,54,65,44,68,69,85,57,75,60,56,44,65,76,78,62,71,87,60,57,82,57,79,71,69,63,60,55,61,74,43,48,76,53,54,61,54,29,60,95,53,83,75,82,96,69,49,56,70,49,48,38,70,85,57,61,56,69,51,24,65,90,60,74,65,48,59,64,55,54,82,100,70,74,67,60,87,50,64,66,56,41,60,50,90
2008-12-01,85,91,62,85,89,70,75,94,85,65,92,73,63,62,62,69,58,64,58,55,49,56,52,99,88,89,97,73,76,88,65,82,46,61,75,72,47,63,39,68,68,81,80,75,51,55,52,54,84,74,63,75,83,88,66,89,49,71,63,67,72,49,48,50,74,46,42,72,51,47,68,92,58,56,100,54,84,68,72,95,73,54,53,79,52,58,45,86,79,57,72,59,75,54,26,63,94,54,64,66,47,61,59,52,43,91,74,74,76,55,59,81,49,66,60,53,40,61,50,93
2009-01-01,63,84,56,88,77,74,80,86,89,69,81,81,66,64,61,64,64,76,73,51,52,56,51,100,80,84,96,79,70,72,57,68,52,64,78,84,57,66,44,78,66,87,53,79,64,57,61,53,72,73,69,75,81,45,51,73,61,78,70,67,56,55,51,56,70,44,49,76,60,54,67,27,42,57,92,50,74,75,80,100,71,46,53,60,41,43,37,62,71,60,54,50,74,45,28,74,82,69,72,71,50,63,63,56,48,73,72,73,63,66,57,84,53,65,70,55,55,69,44,83
2009-02-01,80,84,52,82,76,70,77,81,84,65,69,76,64,58,56,59,58,63,74,45,51,52,48,99,80,84,88,76,70,69,54,69,50,68,76,77,55,57,43,69,60,78,46,72,63,61,56,56,68,72,69,58,65,47,52,56,55,77,64,67,46,54,46,62,69,45,49,70,60,49,64,30,28,52,87,45,73,69,73,88,64,50,55,56,36,46,39,55,69,60,56,53,77,51,32,71,84,66,70,64,47,62,59,59,42,72,72,67,66,67,55,87,49,60,73,55,55,65,41,87
2009-03-01,79,81,50,83,73,70,78,83,83,59,71,77,65,61,55,61,63,79,78,42,52,51,47,91,79,81,88,74,75,65,51,68,52,74,77,81,56,57,44,74,58,79,63,74,64,64,45,71,68,75,71,61,63,43,51,60,64,80,68,67,45,58,46,58,70,50,49,67,65,50,59,23,26,52,87,41,65,74,79,87,62,49,61,65,35,42,37,54,67,59,55,55,73,48,33,70,78,64,73,66,46,66,60,62,57,69,70,65,62,61,53,90,53,66,73,60,58,66,33,87
2009-04-01,68,79,46,82,71,66,72,77,79,64,68,72,63,55,51,56,57,67,72,38,49,48,44,89,77,84,87,68,68,65,48,69,48,72,75,75,48,54,40,61,57,75,41,70,53,63,64,79,68,75,68,60,62,43,49,58,51,72,64,62,43,52,41,56,69,50,49,60,58,50,57,24,28,46,86,37,65,66,70,82,62,55,67,57,35,40,35,50,62,55,57,61,70,48,26,67,76,59,67,61,41,76,57,60,72,62,66,63,61,56,53,85,51,60,71,57,58,65,30,86
2009-05-01,76,76,44,85,66,66,68,74,75,64,67,69,68,54,51,57,53,79,69,36,45,45,47,87,78,81,83,62,67,61,43,66,48,67,70,70,46,51,35,56,58,75,39,68,49,64,68,96,66,72,64,61,59,45,45,57,54,68,62,58,40,55,40,48,68,52,47,56,55,45,56,28,25,46,85,35,61,69,69,77,60,56,65,54,36,37,35,53,55,54,56,63,63,45,24,67,67,57,65,62,43,67,57,59,60,58,66,63,58,56,51,83,52,59,67,58,55,63,27,85
2009-06-01,72,75,44,84,65,63,69,76,74,66,69,73,67,52,50,56,52,76,73,37,44,44,45,81,79,82,87,67,64,63,41,65,46,62,72,71,47,56,40,56,57,75,37,65,53,63,64,72,65,67,68,64,64,49,44,57,71,70,66,61,42,70,42,50,69,52,44,59,55,47,54,32,25,46,85,36,61,69,65,76,65,57,57,52,34,35,35,54,51,54,57,63,65,44,32,61,66,61,61,59,45,71,55,59,57,58,65,61,53,61,49,80,48,58,74,64,60,65,27,83
2009-07-01,65,73,41,78,64,62,63,74,68,60,64,63,66,43,41,47,44,41,74,35,42,41,41,80,73,78,89,63,62,60,39,61,41,56,70,65,39,53,34,45,54,70,29,62,43,61,67,66,67,65,75,57,58,38,43,53,59,62,53,53,41,36,34,48,71,51,43,58,55,43,48,22,24,45,77,35,59,56,51,68,56,58,65,48,32,35,30,52,51,56,49,54,64,44,36,58,68,56,62,52,41,64,45,64,60,56,67,54,55,51,51,74,45,56,72,69,66,73,26,79
2009-08-01,69,70,39,69,61,63,55,68,65,53,62,57,59,40,38,46,39,38,67,36,36,39,43,77,66,79,79,55,61,57,38,61,39,53,65,60,33,45,30,40,55,67,27,65,39,63,55,64,63,68,66,51,49,34,44,50,36,52,47,49,39,33,27,44,62,46,43,60,53,39,43,21,19,43,77,34,60,52,47,63,57,55,66,48,31,36,33,51,59,50,45,46,61,48,28,57,60,45,58,48,36,60,40,56,51,51,63,52,50,47,49,70,46,51,65,52,53,67,27,78
2009-09-01,72,73,45,80,60,65,71,79,71,56,69,73,62,54,53,54,57,56,67,40,44,46,44,79,70,83,89,73,58,54,40,65,49,60,69,76,48,51,38,54,52,69,38,69,57,71,46,73,61,67,58,61,62,37,48,57,57,72,62,60,40,48,40,50,62,43,49,75,59,40,56,24,21,46,70,38,54,67,73,76,56,55,49,54,35,40,38,57,60,54,50,51,66,45,32,58,59,62,68,60,43,68,54,52,56,56,59,64,51,69,48,75,49,62,62,48,41,54,27,78
2009-10-01,61,70,46,79,63,65,70,74,73,53,72,69,58,54,53,54,55,59,61,40,47,47,46,79,73,75,89,69,61,58,41,65,46,61,68,79,53,50,36,57,48,69,41,68,53,70,37,69,60,67,58,63,63,39,51,58,48,69,59,61,41,49,42,52,62,41,43,70,53,43,60,26,21,47,66,37,57,68,72,77,55,41,49,57,36,44,42,54,58,52,52,54,65,46,27,53,65,59,70,57,40,66,56,51,57,62,62,68,58,54,46,77,49,62,62,45,40,53,31,82
2009-11-01,72,73,48,77,69,66,69,77,75,51,78,69,59,58,55,57,58,61,58,42,46,48,60,88,74,75,85,64,67,63,40,67,49,60,65,74,48,49,35,58,48,69,51,76,51,72,31,56,61,66,55,65,68,49,52,65,50,68,57,61,47,57,43,50,59,42,42,67,49,43,60,43,23,47,64,37,57,64,77,84,54,44,50,63,41,44,40,63,69,49,55,61,63,47,25,54,70,54,70,57,39,66,55,48,42,62,63,65,58,53,43,75,46,59,56,42,40,52,35,78
2009-12-01,76,76,48,76,67,60,65,80,71,59,79,61,54,52,55,56,50,57,50,42,42,46,54,85,77,73,91,60,63,67,42,73,43,54,59,64,39,54,33,51,44,65,54,70,40,67,58,47,65,63,53,68,68,73,58,67,40,57,52,57,53,56,38,48,61,42,37,59,40,41,58,72,46,39,57,37,62,56,66,84,53,36,45,70,45,52,37,76,59,47,60,61,66,48,23,48,74,47,58,51,39,58,50,43,38,68,68,63,54,49,44,70,46,52,59,44,32,53,39,80
2010-01-01,54,69,45,77,60,66,68,74,74,64,71,66,57,56,54,53,52,64,64,40,42,45,44,83,71,71,87,68,62,58,39,64,45,56,63,73,46,50,34,57,46,72,45,67,51,69,72,45,59,64,62,69,65,38,46,61,52,67,58,58,43,50,40,53,60,42,44,67,51,41,59,23,35,50,57,35,53,58,74,89,52,36,48,57,34,39,38,54,54,50,49,53,64,42,24,60,62,60,64,56,46,62,51,47,41,66,66,65,50,52,40,76,49,62,65,44,44,62,31,71
2010-02-01,65,73,42,77,65,62,67,73,72,60,63,65,59,52,52,50,53,62,67,36,43,43,42,84,68,76,83,69,69,57,38,65,44,60,63,74,45,49,35,55,52,68,39,66,52,73,57,51,58,65,61,55,55,39,47,51,47,68,58,59,38,52,38,58,61,46,43,63,54,37,62,26,24,47,74,32,55,58,70,82,51,43,56,52,30,42,37,50,61,53,53,57,66,47,30,56,67,58,68,55,39,63,50,51,42,60,74,64,51,52,42,74,49,54,65,46,50,61,30,75
2010-03-01,58,69,41,78,56,62,68,72,70,57,64,67,55,54,51,51,54,75,68,35,42,41,40,74,68,71,89,66,70,51,35,65,45,64,64,71,50,47,34,57,46,68,51,65,53,72,45,58,58,64,59,55,55,38,45,53,54,71,59,58,36,53,40,52,57,47,45,61,55,37,57,21,22,43,62,29,49,59,75,78,49,40,55,50,30,38,35,48,58,53,51,57,68,48,27,54,63,58,66,56,39,67,53,50,53,58,64,61,48,61,41,76,49,62,64,48,49,57,27,71
2010-04-01,80,66,38,77,56,60,66,68,66,52,63,60,57,49,45,46,48,58,63,31,40,39,40,74,67,70,86,58,64,51,33,64,41,62,63,68,42,52,32,50,47,66,31,63,46,72,44,73,58,65,65,56,53,36,42,52,43,62,51,54,33,45,33,47,56,52,43,54,49,38,52,19,24,46,65,26,51,57,67,69,52,42,64,46,32,34,33,45,49,52,51,62,61,46,25,56,61,51,64,53,36,67,51,49,55,57,66,56,49,56,39,70,46,57,85,52,53,58,26,74
2010-05-01,71,65,38,79,56,61,64,66,66,57,63,60,63,52,49,50,46,70,63,31,39,39,40,74,66,71,81,55,61,50,32,67,42,60,63,66,41,45,31,50,50,66,32,63,44,73,58,86,62,65,59,59,53,44,43,54,48,62,54,52,34,45,32,45,55,53,43,55,50,37,53,24,25,52,75,27,48,59,69,71,53,44,61,50,39,35,33,49,49,51,54,67,62,43,28,50,58,53,62,53,37,65,52,49,57,54,62,57,46,53,39,74,49,57,66,51,49,56,24,74
2010-06-01,65,64,37,78,56,56,63,70,66,57,62,62,77,48,47,47,47,64,63,30,39,37,37,67,66,69,86,59,60,49,31,63,41,54,61,62,43,48,32,52,49,70,30,60,45,68,63,65,56,61,59,59,54,37,41,49,60,66,55,54,34,39,35,46,57,55,42,58,49,37,50,24,21,60,73,26,47,60,63,67,55,46,57,44,33,32,34,50,43,53,54,67,59,46,28,46,56,53,57,53,37,67,48,51,52,54,56,55,42,55,38,71,50,49,61,52,50,60,22,75
2010-07-01,64,60,33,70,50,58,56,66,60,53,58,53,60,37,36,40,37,39,62,28,32,31,39,70,58,63,84,52,61,46,27,60,37,48,59,59,35,46,27,42,49,62,23,55,36,65,55,57,59,59,64,56,52,33,40,51,46,53,46,46,31,25,25,41,58,54,38,50,46,34,48,19,18,49,77,24,44,59,48,56,55,42,63,42,31,30,33,49,41,52,48,62,56,42,40,44,53,46,56,47,36,61,37,54,43,48,53,53,42,43,39,68,46,46,66,53,51,66,24,67
2010-08-01,81,59,32,64,53,56,51,65,60,50,57,50,57,37,35,38,34,35,60,29,30,31,40,67,57,65,76,50,59,47,26,59,35,52,58,54,29,40,25,37,50,60,24,65,35,70,53,56,55,62,60,51,48,31,42,47,31,50,43,43,32,25,24,36,56,49,41,55,46,30,43,19,16,41,80,27,44,60,46,59,50,60,64,47,29,35,34,51,46,50,44,52,57,48,23,50,53,37,53,46,30,61,36,51,44,48,53,50,42,40,35,65,45,49,59,45,45,63,26,65
2010-09-01,71,61,36,73,48,59,63,71,66,51,65,61,56,48,49,46,49,52,58,32,35,34,37,63,60,68,80,63,57,42,27,62,42,56,62,68,42,51,31,54,49,62,33,66,47,77,41,70,53,59,53,59,53,33,45,51,50,62,54,51,32,35,33,46,54,44,47,67,49,35,52,22,18,45,75,30,41,59,65,65,51,47,49,48,32,38,34,52,48,52,48,55,59,45,28,47,52,54,63,54,38,64,47,47,54,71,51,57,42,58,33,69,45,49,60,44,36,50,23,65
2010-10-01,60,64,36,70,52,58,66,70,67,46,64,60,53,49,48,46,48,55,55,31,36,35,43,70,61,71,79,61,56,48,27,62,42,56,60,68,40,56,30,64,49,61,34,62,43,76,34,65,54,60,52,60,55,34,47,56,43,63,51,50,33,37,34,47,53,44,40,60,45,37,54,23,16,47,75,27,46,57,63,66,50,37,48,47,35,41,34,51,51,50,50,56,56,45,25,42,60,48,63,54,36,59,47,45,54,57,48,59,45,48,33,65,38,47,59,39,32,51,24,69
2010-11-01,76,63,37,72,53,59,62,71,66,53,69,62,52,54,52,50,51,59,52,33,35,35,41,70,64,65,77,55,57,48,28,62,42,57,56,67,43,44,29,53,48,63,44,63,42,72,44,50,56,60,49,64,59,43,50,73,45,60,53,51,38,41,37,47,56,43,40,64,41,34,54,37,21,46,70,29,45,62,69,74,46,41,45,57,40,42,42,59,57,50,54,65,58,45,26,43,64,47,61,52,37,57,49,43,48,60,55,59,44,49,32,70,45,52,52,39,31,47,26,69
2010-12-01,73,64,38,69,57,52,61,72,64,64,72,56,48,50,51,48,44,52,44,33,31,34,41,70,66,66,82,56,55,52,29,71,38,50,53,57,35,54,28,48,44,62,49,62,35,68,81,41,59,57,50,68,61,63,55,68,36,53,49,50,42,32,32,41,58,46,34,56,32,33,55,63,41,42,71,34,51,57,60,77,47,34,45,62,43,49,40,70,48,47,61,62,59,47,24,40,71,40,53,51,37,55,42,40,30,60,54,58,41,39,32,65,41,49,60,39,30,49,28,72
2011-01-01,66,76,44,86,61,71,74,89,82,59,82,76,63,61,62,58,56,70,70,38,39,41,52,84,75,77,97,78,70,54,33,77,54,66,68,79,51,52,34,59,60,81,44,80,55,92,41,53,65,71,66,80,73,41,52,70,58,74,66,59,44,49,42,53,64,55,51,74,54,44,71,27,32,50,94,41,54,69,100,98,58,40,57,62,42,44,45,67,63,65,61,72,74,53,30,65,70,63,71,70,45,74,53,52,50,70,67,75,48,56,36,84,59,67,67,46,49,68,31,79
2011-02-01,76,74,40,82,60,69,73,83,76,56,74,75,64,59,60,55,55,62,71,34,39,38,48,85,73,78,93,73,68,52,32,78,52,70,68,78,49,48,32,56,56,74,40,73,53,89,42,59,61,72,62,68,61,44,55,57,52,73,66,56,37,44,41,50,64,57,51,68,53,40,63,28,23,51,89,36,55,63,85,91,54,39,58,57,35,49,44,57,64,64,60,67,73,56,32,51,71,60,74,67,42,73,50,55,54,66,68,68,51,55,34,80,54,65,62,47,48,65,30,84
2011-03-01,61,73,38,81,59,67,72,82,74,63,72,73,61,55,62,51,53,64,71,32,38,37,50,76,69,75,93,70,65,51,29,76,51,70,67,77,46,48,31,57,54,71,54,74,51,93,40,70,62,71,59,67,61,40,53,60,55,71,66,55,34,48,40,52,63,59,49,65,51,40,78,22,19,50,89,32,49,61,77,92,55,45,63,53,37,44,45,57,58,64,61,70,69,53,32,52,64,56,72,62,43,76,52,53,51,59,67,74,49,54,33,80,56,61,61,47,51,60,26,78
2011-04-01,79,68,36,79,58,66,66,76,73,58,71,70,62,53,52,50,49,58,66,30,37,34,45,78,70,72,90,62,64,50,28,71,47,69,68,72,44,48,30,51,52,68,32,70,45,93,53,90,64,72,61,68,57,39,51,58,45,66,61,51,34,43,36,47,63,64,48,57,48,35,58,22,20,47,81,29,50,60,71,81,53,45,71,51,38,41,42,54,49,73,61,73,63,50,27,60,64,53,69,60,39,79,49,53,56,60,77,60,50,49,34,78,53,58,62,50,51,64,25,80
2011-05-01,69,70,38,84,57,65,71,76,73,65,73,74,67,57,56,53,51,66,65,30,38,34,48,81,66,72,87,67,56,47,27,75,49,67,66,74,45,50,29,54,48,71,33,73,49,90,54,92,66,74,61,71,57,48,49,61,51,72,70,53,38,39,39,48,64,67,50,60,49,35,57,26,21,44,75,27,47,60,72,82,54,48,71,53,38,39,42,61,50,66,67,81,67,52,30,54,60,59,66,82,44,77,52,54,64,58,74,62,45,52,33,83,60,62,61,50,49,61,24,74
2011-06-01,88,71,36,80,58,63,66,74,70,61,73,66,64,50,52,48,47,57,63,30,34,33,47,78,69,73,88,64,60,50,27,74,46,62,65,68,40,52,29,48,46,72,31,68,44,87,65,85,66,74,64,72,59,40,50,62,60,68,58,50,35,36,37,46,64,65,51,60,46,40,57,26,20,46,71,28,49,57,64,72,61,50,72,51,40,39,41,61,48,62,61,78,64,54,30,52,62,52,63,60,42,75,49,54,67,57,65,61,49,59,33,77,55,57,62,54,53,68,26,77
2011-07-01,83,67,34,74,58,64,62,72,68,64,68,61,63,44,44,44,40,40,66,30,31,31,44,80,62,72,91,61,59,48,24,71,41,58,63,65,35,52,28,42,45,64,25,67,38,82,63,78,72,73,68,67,55,37,49,58,47,59,54,47,34,27,31,42,63,61,46,56,46,38,53,21,20,44,68,27,50,52,53,72,51,63,85,50,36,39,42,63,52,65,57,66,64,50,47,51,65,48,63,54,38,73,40,59,52,52,86,57,49,43,32,72,52,48,64,55,54,73,27,73
2011-08-01,93,64,31,71,53,61,57,66,66,58,65,56,58,41,41,40,38,37,58,30,28,30,46,78,56,69,82,56,54,46,23,67,38,55,61,62,31,43,24,38,43,61,27,71,35,85,59,68,61,73,61,60,48,32,50,53,31,52,48,43,31,23,28,40,56,59,48,61,41,32,48,21,17,48,65,27,47,59,52,66,48,47,83,50,35,43,49,59,51,59,54,61,61,55,29,51,59,40,59,53,34,69,38,52,43,52,63,52,42,45,29,66,49,46,56,44,47,69,26,70
2011-09-01,75,65,35,77,51,62,71,75,71,57,69,68,66,53,55,47,51,51,60,32,34,33,45,72,59,73,88,71,51,41,25,75,47,61,63,70,42,51,28,51,42,65,36,69,47,88,45,79,61,69,55,68,54,35,50,57,52,67,61,52,31,32,37,46,54,57,60,69,49,39,57,23,17,45,63,31,44,61,69,75,49,50,68,51,38,40,46,59,53,60,58,64,65,56,33,49,57,56,65,65,41,69,48,50,53,54,58,64,45,70,29,73,53,58,55,41,38,54,25,69
2011-10-01,83,67,37,77,52,66,68,71,71,57,72,69,60,57,60,50,49,53,55,34,35,34,51,80,63,76,87,66,53,43,26,72,47,60,63,74,42,51,28,51,40,64,39,73,47,90,34,76,60,71,53,73,59,36,55,65,46,66,60,52,33,37,38,46,59,54,53,64,42,38,60,25,15,43,61,29,49,60,71,74,47,37,66,54,41,46,51,60,58,63,61,72,63,51,29,46,60,52,71,61,39,71,52,47,61,57,60,68,50,51,30,75,52,52,57,42,37,53,27,77
2011-11-01,77,68,37,79,54,67,68,67,71,52,79,70,55,59,65,54,53,57,53,33,35,35,58,84,64,70,91,67,53,45,26,74,47,62,60,71,50,48,28,54,39,63,50,72,46,92,30,64,62,70,49,75,63,45,57,77,50,68,57,53,38,42,39,47,60,55,51,66,41,36,61,39,17,43,60,29,49,63,74,76,48,39,63,63,47,48,47,70,62,62,67,76,62,51,29,46,58,51,68,64,42,66,48,43,43,64,62,64,46,51,28,75,53,56,51,37,32,48,29,72
2011-12-01,91,69,39,77,60,62,66,72,70,52,86,62,54,55,61,54,48,51,46,35,31,34,53,85,64,69,95,65,55,49,28,84,42,56,56,62,44,51,28,50,39,62,53,78,38,87,41,51,69,71,51,81,69,67,67,82,40,59,52,52,44,35,36,42,59,60,46,61,34,33,63,67,34,44,59,29,55,54,63,78,48,32,66,74,53,58,46,87,57,60,76,79,65,58,26,43,67,47,61,59,39,60,43,41,32,71,64,67,47,46,28,73,51,50,51,37,32,54,31,78
2012-01-01,75,65,38,81,52,68,68,75,74,55,78,68,59,58,56,51,50,57,57,33,32,34,53,77,59,66,94,75,53,45,28,73,51,59,60,72,47,46,31,54,39,66,36,88,51,87,38,48,59,70,55,83,64,37,52,68,51,65,59,55,35,39,41,47,59,59,55,66,42,37,67,24,24,45,60,36,44,57,72,79,47,38,66,57,44,44,42,63,57,67,60,66,67,50,29,52,54,62,68,63,43,67,50,47,38,61,67,71,43,55,27,81,58,58,57,42,75,60,24,68
2012-02-01,82,65,34,77,51,65,69,69,73,62,69,66,55,55,51,48,49,55,56,30,32,32,47,71,61,66,90,70,51,43,26,75,48,60,59,76,45,47,30,52,40,65,37,83,45,88,60,54,56,69,55,70,54,37,55,60,47,67,56,52,32,39,42,44,59,61,50,62,39,33,56,25,17,47,63,28,44,56,69,78,47,34,67,53,39,47,43,61,59,65,61,66,67,56,27,47,58,54,70,61,42,67,45,46,38,60,58,61,43,48,26,77,54,58,54,42,43,57,23,68
2012-03-01,83,62,33,75,46,65,67,68,73,55,67,67,55,56,50,49,49,55,56,28,32,31,47,65,56,62,88,68,49,38,25,73,48,65,61,71,45,44,31,53,41,61,45,88,46,90,34,71,57,70,55,68,56,37,51,62,52,73,56,52,29,42,40,47,57,61,53,58,40,35,59,20,16,45,65,27,41,56,68,75,46,46,72,51,39,42,41,56,53,67,61,65,64,53,29,47,51,52,67,65,39,70,45,48,49,50,52,62,42,53,25,73,55,55,56,40,45,56,21,64
2012-04-01,80,62,32,75,48,67,64,64,73,68,69,64,58,53,47,47,46,49,55,28,30,30,48,71,58,65,88,62,51,39,26,73,46,68,62,68,42,44,27,48,40,66,30,90,41,93,49,87,62,74,57,71,53,37,54,60,43,64,57,51,29,42,38,43,57,67,53,56,40,33,53,21,19,48,63,25,45,53,64,73,47,43,76,53,44,44,41,58,55,63,65,72,64,57,28,47,55,48,68,62,38,67,43,49,55,51,55,57,45,46,25,77,53,55,58,43,46,61,22,63
2012-05-01,81,59,31,76,46,65,61,64,72,71,67,66,59,53,48,48,44,50,54,27,29,28,48,66,55,62,86,57,48,37,25,73,44,64,59,64,40,42,25,47,39,68,30,93,39,87,57,97,61,71,53,70,50,40,51,63,45,61,66,48,28,37,34,46,53,71,53,54,36,34,52,23,16,43,60,24,39,53,64,70,49,48,77,52,46,38,40,59,50,62,64,77,62,56,29,46,48,47,65,58,39,66,44,46,57,51,57,57,41,47,25,75,57,56,54,43,44,57,20,59
2012-06-01,75,60,31,78,45,59,62,66,71,62,68,72,69,50,45,45,44,49,56,28,30,28,48,63,54,62,89,64,48,35,25,73,45,59,60,64,39,45,26,46,38,69,28,92,41,87,64,78,60,69,57,72,53,39,48,60,55,66,74,51,29,33,32,44,56,75,51,54,38,37,52,26,17,39,58,24,34,52,59,66,52,47,74,50,39,37,40,62,45,65,66,79,61,56,32,43,47,50,61,61,40,67,42,46,56,49,56,56,42,46,24,76,52,51,54,43,48,60,20,58
2012-07-01,80,54,29,71,43,61,58,60,68,52,66,58,59,41,38,39,37,38,55,26,27,27,44,62,49,57,91,62,47,37,23,70,40,55,58,63,36,45,25,38,37,61,22,93,35,83,59,68,64,72,64,69,52,34,49,58,41,60,49,46,29,21,29,42,57,74,49,55,36,33,51,19,17,34,57,25,34,47,47,59,45,60,86,47,40,38,40,59,45,67,61,68,62,54,70,43,46,48,61,54,38,71,36,50,50,45,59,56,43,43,24,71,55,48,58,50,51,70,21,54
2012-08-01,89,52,27,66,45,59,52,56,63,46,59,51,61,36,34,36,32,33,51,25,23,25,42,61,46,56,81,53,44,35,21,68,38,53,54,59,30,38,21,34,39,58,21,83,31,80,49,65,61,72,58,60,43,30,48,52,27,50,44,40,27,20,24,33,53,68,52,56,33,29,44,18,15,35,63,24,36,43,44,51,43,86,90,46,38,37,42,57,46,59,57,62,58,55,26,43,42,38,58,49,33,64,33,46,36,40,58,51,40,42,23,66,50,49,54,40,44,68,21,52
2012-09-01,73,56,32,74,42,65,64,67,69,52,68,64,56,49,49,45,47,49,51,29,29,30,45,65,52,56,85,66,47,34,24,72,46,57,60,72,44,46,25,46,37,61,29,88,44,91,40,88,56,67,50,68,51,33,51,61,49,65,55,51,28,30,49,40,54,63,65,69,37,33,59,21,14,38,60,30,33,52,62,65,46,50,71,51,43,40,45,61,52,62,58,66,63,57,31,42,43,53,68,59,38,69,44,44,52,49,67,66,41,63,23,72,56,56,53,40,37,54,22,54
2012-10-01,71,57,32,77,43,62,67,69,68,50,71,64,54,49,55,46,57,51,48,30,30,30,51,66,51,57,92,68,49,35,27,72,46,58,57,76,43,45,25,50,40,62,38,83,44,98,39,66,55,65,48,72,54,33,55,64,46,68,54,51,28,32,79,43,54,59,51,71,32,36,58,23,14,38,64,28,35,54,63,66,46,37,65,52,44,45,47,59,52,61,63,66,60,57,26,41,45,54,69,58,38,64,44,41,48,48,52,66,42,46,25,71,53,52,52,35,31,48,23,59
2012-11-01,80,57,33,74,45,62,64,70,69,48,77,62,54,48,57,47,54,49,43,31,29,29,58,69,52,58,89,64,51,40,27,71,44,59,55,68,43,42,24,50,41,62,43,85,40,100,29,56,59,66,44,71,58,40,56,73,43,62,51,50,32,33,70,44,52,60,50,71,29,35,54,35,14,40,63,27,34,52,63,66,48,37,63,60,47,47,45,65,55,61,67,78,59,55,24,38,49,46,64,57,38,59,43,38,49,49,53,62,41,46,24,71,52,60,46,33,28,45,25,59
2012-12-01,91,59,34,72,47,60,64,70,69,50,81,56,52,48,58,48,46,44,39,33,26,29,100,70,55,59,92,59,51,40,28,80,42,61,53,62,40,44,23,44,41,61,41,100,33,90,40,47,65,66,45,79,61,61,66,82,39,56,45,47,39,33,43,40,53,64,45,58,25,31,54,61,28,41,62,28,36,48,57,67,46,31,63,73,59,59,46,83,54,58,75,82,61,58,23,38,51,41,59,54,38,55,40,36,28,60,57,61,44,40,24,71,60,52,44,34,28,50,29,63
2013-01-01,76,56,32,77,43,64,66,71,68,56,72,66,55,49,49,47,49,53,49,30,28,28,46,73,50,56,93,74,52,35,28,71,48,61,55,68,42,47,25,50,44,65,31,73,44,94,59,45,56,66,50,79,55,33,52,67,48,64,54,52,31,32,46,43,54,59,51,62,31,33,61,20,22,37,67,27,33,53,63,67,49,32,64,56,43,44,44,62,50,62,60,68,63,53,25,49,45,55,66,58,41,59,41,40,33,51,57,67,37,45,23,85,98,62,53,38,35,55,23,55
2013-02-01,90,57,31,74,44,61,63,65,66,52,65,61,53,47,51,44,47,48,50,28,29,28,42,68,50,57,88,68,52,36,26,70,46,64,55,70,42,41,24,48,41,63,33,76,43,89,45,51,53,65,50,64,47,35,55,55,47,64,51,51,28,33,47,43,52,63,50,61,32,34,50,23,16,38,64,26,33,51,60,61,46,34,65,51,39,47,45,56,53,62,60,60,64,57,26,45,44,50,65,59,39,60,42,42,36,49,55,57,38,43,22,77,67,55,49,36,37,56,22,54
2013-03-01,92,56,30,71,42,62,63,67,68,52,67,61,53,49,52,44,47,50,51,28,28,27,43,66,50,56,84,65,50,34,27,72,46,66,57,67,39,43,25,51,42,67,48,78,41,92,50,65,58,69,51,64,46,35,56,60,46,63,50,49,26,32,45,42,52,67,52,55,31,34,53,19,15,36,61,25,30,47,60,61,45,36,72,53,40,47,45,53,51,62,61,63,62,58,27,45,44,49,69,60,38,61,41,43,48,49,55,59,40,44,22,75,61,55,54,40,43,54,22,55
2013-04-01,84,53,28,74,40,63,61,62,64,53,64,61,55,47,43,43,44,49,49,25,26,26,38,63,46,53,85,61,49,32,28,70,45,65,56,65,40,41,23,49,38,65,29,69,39,90,48,83,56,68,51,64,45,33,52,60,41,64,54,49,25,33,43,40,53,71,51,57,32,35,51,18,14,34,60,23,27,54,57,56,46,39,75,48,40,42,43,53,47,62,63,68,59,60,26,41,41,49,66,59,37,61,40,43,50,45,52,54,39,44,21,77,57,67,54,41,41,54,20,52
2013-05-01,84,53,28,77,38,63,61,62,64,53,65,58,56,49,44,43,43,47,48,25,25,26,40,72,47,51,81,57,47,31,26,70,43,64,54,64,36,40,23,45,39,66,26,69,36,86,56,93,57,68,49,64,44,42,53,61,43,61,49,47,25,31,40,41,54,70,50,52,30,31,47,24,16,34,59,22,28,50,57,55,46,38,76,53,47,43,50,54,47,61,63,70,59,57,26,40,40,46,63,56,37,59,38,43,53,44,57,55,37,43,20,74,60,58,51,40,43,54,21,51
2013-06-01,79,55,28,73,40,59,61,61,64,56,67,59,57,44,45,42,41,43,49,25,26,26,38,65,47,55,83,61,47,31,25,71,44,56,55,64,36,43,23,47,38,68,24,66,38,87,62,83,58,67,53,70,47,36,49,59,52,63,54,49,28,25,32,38,54,75,51,56,31,34,52,26,13,34,58,23,28,49,52,53,48,43,74,47,40,38,53,57,43,64,65,81,57,58,27,41,37,47,61,54,40,63,39,43,58,43,51,54,38,45,20,70,56,50,56,44,44,59,18,51
2013-07-01,82,49,26,72,35,61,58,60,59,48,62,55,52,35,35,37,36,37,52,24,24,23,36,62,42,50,87,63,44,31,23,69,40,52,54,63,34,43,27,38,38,59,21,67,33,80,48,59,60,66,60,65,46,33,50,60,40,58,47,47,25,21,28,35,54,80,50,55,29,30,48,19,14,31,59,22,26,47,43,48,44,53,82,44,39,38,51,57,40,64,63,75,58,55,39,38,37,45,62,51,40,69,33,48,44,40,64,51,37,37,19,70,56,49,55,48,48,65,19,49
2013-08-01,89,46,24,62,36,57,50,54,53,44,58,48,48,35,33,34,30,30,45,23,19,22,37,60,41,48,78,50,45,31,20,67,36,52,50,53,27,36,20,31,39,55,20,62,28,79,45,63,52,66,55,55,39,29,48,55,25,50,40,38,24,20,24,29,48,66,48,54,27,26,39,17,12,32,58,22,24,40,39,43,44,55,81,46,38,39,48,53,46,58,55,62,57,61,23,38,33,33,57,47,31,61,30,45,37,38,56,45,36,38,18,66,51,48,52,41,41,67,21,46
2013-09-01,68,49,30,73,38,61,62,65,60,49,66,60,55,45,48,40,42,49,47,27,24,27,38,64,44,51,82,67,44,33,23,72,44,56,54,70,39,43,22,45,38,57,27,66,41,87,41,77,52,64,47,66,46,32,51,60,47,64,53,49,26,27,34,37,48,59,60,66,31,35,51,20,12,34,57,24,24,49,57,51,42,45,61,50,42,41,44,57,51,59,60,61,62,60,28,39,34,50,65,54,36,66,41,40,46,41,57,60,32,59,18,73,55,55,51,38,41,50,20,47
2013-10-01,94,54,30,72,39,62,62,62,62,47,66,61,51,46,57,43,45,47,44,27,27,28,41,67,46,54,86,67,49,33,23,71,46,58,53,73,43,41,25,47,38,58,34,67,39,83,36,62,53,67,45,69,49,32,57,68,42,65,52,51,27,31,36,38,49,62,52,57,29,37,51,22,13,37,57,25,25,53,57,50,41,33,73,53,46,48,48,58,55,60,63,67,61,62,25,39,39,49,70,58,37,64,42,39,47,46,57,61,37,51,18,72,54,54,51,38,29,46,21,58
2013-11-01,80,54,31,69,39,63,63,58,62,44,71,58,50,48,61,45,46,49,41,29,26,28,41,66,48,55,81,60,47,33,23,73,45,55,51,72,42,40,23,48,37,59,44,65,38,79,35,57,53,65,42,73,54,39,60,78,44,61,50,48,31,29,36,37,51,59,49,60,26,32,52,35,13,35,54,25,24,50,60,51,40,33,68,64,51,51,48,65,60,56,68,75,58,57,23,36,39,43,69,55,37,60,41,38,40,49,56,60,34,45,18,72,53,55,42,35,28,45,23,57
2013-12-01,85,54,31,68,40,60,59,61,63,44,73,55,48,47,52,45,43,44,35,31,23,28,47,71,48,54,86,58,46,34,24,81,42,52,48,61,36,41,22,50,34,63,43,69,32,74,28,46,60,63,44,75,58,58,68,91,37,55,47,48,33,27,31,35,47,66,46,56,22,38,50,59,25,32,53,27,24,46,55,52,40,28,58,73,57,60,53,80,54,55,79,84,59,65,20,34,43,38,57,53,37,57,37,35,53,58,66,57,35,40,17,69,55,49,43,36,28,48,26,60
2014-01-01,82,55,30,73,35,65,61,61,65,48,70,61,53,50,48,46,48,49,45,28,26,29,43,75,45,53,86,71,45,29,24,75,49,55,51,69,44,40,24,49,36,61,30,74,42,78,32,42,52,68,50,80,51,33,55,73,45,66,53,51,29,30,36,37,47,65,57,68,29,38,67,22,19,36,55,25,22,51,61,54,40,30,65,58,44,47,55,61,56,61,63,66,66,60,25,45,38,53,66,58,38,63,41,40,80,69,61,69,33,47,17,76,58,60,50,39,38,56,23,56
2014-02-01,84,52,29,71,36,63,62,58,65,48,61,61,56,48,47,44,45,49,47,25,26,28,39,70,45,52,83,67,44,29,23,74,48,61,53,70,42,38,24,49,35,62,29,67,41,81,37,49,52,66,49,64,45,37,57,61,44,66,53,51,25,33,35,41,47,69,57,69,29,37,51,24,15,35,51,23,23,50,60,49,41,33,68,55,40,49,50,56,57,62,64,63,67,63,25,43,40,51,66,59,39,62,41,41,52,49,65,56,34,46,16,76,58,57,51,41,38,55,22,56
2014-03-01,67,51,27,66,33,63,59,55,61,57,60,65,50,47,43,41,44,48,47,23,24,26,38,66,43,53,76,62,41,26,21,74,46,61,54,65,38,38,21,48,34,60,39,66,38,75,30,66,53,68,50,65,43,33,51,63,42,65,64,49,24,45,34,40,47,70,56,55,29,39,50,18,13,36,50,23,21,50,59,50,39,32,74,50,38,44,46,51,53,61,64,64,62,61,24,40,36,46,64,55,37,66,40,41,55,46,57,54,31,45,16,76,56,55,59,39,39,53,21,53
2014-04-01,68,51,27,71,33,62,59,55,61,49,61,60,52,48,42,42,41,54,46,23,25,26,38,65,43,52,78,63,43,26,21,74,45,65,54,67,40,38,21,45,34,60,28,70,36,76,39,82,56,70,52,68,42,34,54,66,39,64,57,48,24,31,32,38,49,73,56,56,29,37,51,19,14,37,52,21,19,49,53,45,42,37,79,50,42,45,47,54,53,62,65,69,60,66,24,43,34,45,62,56,38,66,39,42,52,43,58,54,32,45,15,73,54,52,53,42,42,57,20,52
2014-05-01,67,50,25,71,32,62,56,51,60,48,60,57,55,47,42,42,39,53,45,22,22,25,38,65,42,49,72,56,40,26,20,74,44,62,52,62,35,37,19,42,34,61,26,68,33,71,44,90,57,67,47,67,41,43,53,64,39,59,54,43,24,29,33,37,48,74,56,54,27,38,49,24,14,35,50,20,18,46,52,45,41,37,74,53,45,45,47,56,48,59,66,72,59,64,25,39,33,46,62,52,36,63,37,43,57,42,59,53,33,41,15,74,58,49,50,41,39,54,19,52
2014-06-01,73,47,25,67,32,61,58,51,59,46,60,56,79,43,41,37,38,43,45,22,22,24,35,58,40,48,78,58,39,26,20,72,43,55,52,64,37,45,21,45,32,68,22,69,34,68,44,75,55,64,54,70,43,35,50,64,45,62,51,45,23,24,30,36,47,76,53,55,28,39,49,24,12,32,49,20,18,45,47,44,46,42,72,47,42,40,44,56,42,63,65,70,56,61,25,36,31,43,59,52,36,63,36,41,56,39,50,52,30,43,15,71,57,47,52,45,40,60,17,52
2014-07-01,72,46,25,66,32,62,54,53,60,50,59,55,59,37,35,36,34,36,48,23,21,23,35,61,40,49,80,63,39,27,20,72,41,53,52,64,35,41,19,41,35,60,23,74,31,69,55,62,58,67,58,66,43,33,51,66,36,59,49,44,24,20,26,32,50,77,52,59,29,38,48,19,14,35,54,20,20,45,42,41,42,39,79,48,41,42,47,62,49,65,63,66,58,67,39,38,33,42,61,51,38,68,30,45,38,39,51,51,32,39,15,69,58,50,58,45,51,66,19,52
2014-08-01,76,47,23,60,30,60,48,45,54,46,55,48,46,35,33,33,31,32,46,23,18,22,35,62,38,47,71,50,40,26,17,69,38,53,50,54,29,35,17,33,35,56,21,64,27,68,48,67,53,68,53,60,37,29,51,60,24,48,41,38,24,20,24,27,46,67,53,59,26,30,41,18,12,32,50,20,19,39,39,37,39,45,86,49,40,41,49,56,48,59,58,61,58,67,22,39,30,34,59,48,30,61,30,45,37,37,53,47,32,41,14,66,53,48,52,43,41,67,20,51
2014-09-01,59,45,27,69,28,60,58,55,59,45,58,61,49,43,45,39,41,46,45,24,23,26,39,59,39,48,77,66,36,23,19,72,46,54,52,66,41,41,20,50,32,55,27,62,40,72,33,71,50,64,47,63,43,30,50,61,45,62,54,47,23,27,30,35,45,61,63,66,29,37,49,19,12,32,49,22,16,47,56,42,39,38,59,48,40,40,45,54,48,60,58,61,61,61,25,36,28,48,64,57,36,64,40,40,41,38,55,57,30,59,14,70,53,49,52,39,33,51,29,48
2014-10-01,77,50,27,69,33,63,60,52,61,42,63,58,47,44,55,42,42,47,42,25,24,26,44,65,41,51,78,65,41,26,21,72,48,57,53,70,42,40,22,47,32,58,33,68,37,71,31,63,55,66,45,68,46,32,55,69,38,66,53,48,24,29,32,36,47,61,54,59,28,41,51,21,14,33,47,21,18,51,56,42,39,32,64,54,43,47,44,57,54,62,65,64,58,62,22,38,35,47,66,56,36,62,39,39,62,42,54,58,32,42,14,73,52,54,45,37,29,47,27,52
2014-11-01,73,51,29,67,33,66,59,53,63,41,68,59,47,46,59,45,44,50,38,27,23,26,39,66,43,49,77,61,41,27,21,74,46,57,50,69,42,37,20,48,33,60,43,66,36,75,27,57,54,65,42,74,51,40,62,81,41,62,52,47,28,32,34,35,50,61,51,64,27,40,50,36,13,37,48,23,19,49,61,44,40,32,59,68,50,53,46,70,62,60,73,80,60,62,22,36,35,43,67,58,39,62,39,35,41,47,53,58,32,41,14,74,55,60,43,35,29,47,30,51
2014-12-01,72,52,29,69,34,60,57,51,62,44,72,55,43,46,51,44,43,45,36,27,22,26,39,69,46,49,81,61,44,29,21,83,44,54,48,62,38,39,18,45,31,56,43,69,31,65,33,44,58,65,43,77,52,61,69,88,35,57,47,47,33,29,30,34,48,67,46,59,23,41,50,61,25,34,44,23,20,52,53,47,39,30,64,74,57,61,47,84,56,59,81,81,61,67,23,35,38,40,61,54,38,56,37,35,29,49,54,59,33,41,14,70,58,52,45,36,26,50,32,53
2015-01-01,65,49,27,70,31,64,59,51,68,61,63,67,46,49,45,44,43,48,43,25,23,26,39,64,44,49,79,71,40,25,21,72,48,52,50,67,41,38,20,54,31,60,28,82,38,68,37,40,50,65,45,79,47,33,56,74,43,63,63,47,27,30,31,34,47,63,57,79,28,40,56,21,18,36,47,21,18,53,60,62,39,28,57,57,44,47,45,61,52,62,63,64,63,59,25,44,33,49,66,86,38,58,39,38,32,53,57,62,29,47,13,75,58,56,47,36,32,53,28,48
2015-02-01,64,48,27,69,32,63,60,49,65,46,58,60,45,45,43,42,42,47,46,24,24,25,39,70,43,49,77,75,42,26,21,74,48,56,53,70,41,37,20,47,32,59,34,72,39,67,37,45,51,67,50,66,42,37,59,64,39,66,53,47,24,30,32,35,49,67,60,66,31,41,52,26,15,33,47,21,17,57,58,46,37,30,60,56,39,51,44,57,52,65,67,60,68,66,26,39,34,49,69,59,38,63,39,41,34,44,59,59,32,44,13,75,60,60,48,39,35,56,28,50
2015-03-01,67,46,26,69,31,64,60,47,62,46,58,61,48,46,41,43,42,49,46,24,24,26,37,62,40,46,76,70,41,24,20,76,49,62,54,68,42,38,21,50,33,58,46,73,40,69,30,60,54,68,49,67,41,35,55,65,44,67,55,46,23,36,31,36,49,67,62,60,29,45,52,20,13,37,48,21,15,59,61,45,38,37,64,53,40,46,42,55,52,66,66,63,65,69,28,38,32,47,69,57,37,69,43,41,43,39,51,57,29,45,13,75,57,61,56,40,36,52,24,46
2015-04-01,58,49,25,71,30,63,58,46,61,44,55,56,49,45,38,41,37,44,46,22,22,24,36,63,40,46,76,63,39,23,20,74,46,65,53,66,40,37,19,46,28,56,27,67,34,67,37,77,53,70,49,66,40,34,54,64,36,63,51,45,21,32,27,34,48,73,60,56,29,45,45,19,15,32,41,19,15,52,56,41,38,36,75,50,44,44,44,52,48,66,66,69,60,67,24,38,31,43,65,58,36,65,37,41,45,42,60,52,29,46,13,71,57,55,53,41,39,56,22,46
2015-05-01,67,47,23,69,29,65,56,43,60,46,59,56,50,44,40,42,36,44,44,21,20,23,39,62,40,45,70,56,38,23,19,75,45,63,53,61,38,35,17,43,29,60,25,70,32,65,42,96,55,69,49,68,38,45,55,65,39,62,50,44,23,29,26,31,48,75,58,54,28,47,46,24,14,35,42,20,15,51,55,41,41,37,74,55,50,45,47,58,50,61,70,81,60,66,23,40,29,43,65,54,35,66,38,41,49,40,64,53,31,44,13,74,60,48,49,42,39,59,22,46
2015-06-01,66,45,24,72,30,63,59,46,61,46,59,60,51,43,39,40,38,47,48,22,22,23,36,60,39,44,78,66,39,23,19,75,47,64,55,66,39,39,18,45,29,57,24,72,36,64,46,71,55,65,53,73,42,38,54,66,46,64,57,47,23,27,26,31,50,79,60,58,29,51,48,27,14,34,42,20,14,50,53,38,45,42,66,51,42,43,45,58,44,69,65,70,61,67,26,37,30,47,65,63,40,72,39,41,47,37,53,51,29,46,13,74,61,48,53,50,42,62,25,45
2015-07-01,60,43,23,66,28,65,55,44,57,48,58,55,48,37,34,35,33,36,49,21,20,21,34,63,37,42,78,63,38,23,18,76,43,61,54,69,32,38,18,39,31,55,20,59,29,63,50,62,59,67,58,69,40,34,52,68,34,58,48,42,23,23,22,27,52,79,56,59,28,49,56,19,14,33,44,22,13,45,44,36,40,43,81,48,45,42,49,58,50,70,66,69,61,66,46,37,31,41,67,55,39,71,32,45,44,33,54,53,32,41,12,70,58,46,53,51,47,72,25,44
2015-08-01,69,42,23,58,27,60,50,40,52,45,53,49,47,35,32,34,29,33,45,22,17,21,34,61,35,42,67,53,39,22,17,69,40,59,51,54,29,34,16,34,31,54,18,58,26,59,50,64,54,71,56,61,36,30,53,62,26,49,43,38,22,21,19,24,45,67,60,61,24,43,41,18,12,32,45,21,14,42,41,38,39,56,87,50,42,42,52,55,48,61,61,63,63,70,24,38,28,33,61,53,32,63,31,46,37,35,56,47,30,39,12,68,56,43,51,43,43,71,26,43
2015-09-01,64,44,25,65,27,64,59,46,60,43,57,60,51,42,43,40,42,46,43,24,22,24,35,58,38,45,71,66,37,22,19,73,47,61,53,68,43,38,18,47,28,57,28,62,37,63,37,70,49,62,46,67,41,32,55,63,46,62,54,45,22,33,27,32,45,61,66,70,28,50,48,20,13,35,41,23,13,50,59,42,36,40,56,53,44,45,46,55,53,65,66,77,64,66,26,34,28,47,66,59,38,68,42,39,41,40,50,56,29,59,11,72,57,44,48,41,32,51,26,42
2015-10-01,62,49,26,65,30,65,58,44,59,40,59,57,48,45,46,40,39,48,40,24,22,24,41,66,39,48,72,67,41,22,20,74,48,64,52,70,43,38,18,45,28,55,30,62,35,63,27,65,51,64,45,72,43,33,62,72,37,63,50,46,23,34,30,32,48,61,55,70,25,61,52,23,11,33,40,21,14,48,58,45,38,28,57,57,45,54,44,56,58,65,68,75,61,68,22,36,32,45,73,58,36,69,39,38,44,41,51,58,31,44,11,71,55,54,45,38,31,48,30,44
2015-11-01,67,48,27,64,31,65,60,45,63,47,64,67,44,46,51,43,43,49,39,25,23,24,40,66,41,47,72,65,42,23,20,76,47,61,50,68,45,37,18,49,29,60,40,71,35,61,26,56,53,63,42,73,48,42,62,85,44,66,68,46,26,35,32,31,50,62,55,69,25,57,50,37,11,34,43,22,13,50,65,61,38,29,55,69,54,53,44,71,61,60,73,78,61,68,22,34,31,44,67,100,40,62,41,35,39,44,55,55,28,42,11,74,60,52,44,35,24,46,32,44
2015-12-01,72,49,27,65,31,64,57,45,60,43,70,57,43,44,60,43,39,45,36,25,21,24,39,75,42,43,73,67,41,26,21,89,45,57,48,62,40,37,15,45,28,54,42,66,30,56,22,42,60,66,43,82,52,64,73,86,35,58,53,45,31,38,26,27,46,70,52,62,22,57,50,65,20,34,40,22,13,46,56,47,38,26,61,82,59,66,52,90,59,59,89,79,68,83,22,34,34,39,59,59,38,58,38,34,25,49,58,57,30,38,11,73,66,52,41,36,26,50,35,45
2016-01-01,67,48,27,70,30,71,61,43,66,44,63,62,49,50,49,46,45,51,47,26,25,24,39,75,46,44,80,67,41,24,24,82,52,60,54,77,46,37,19,51,31,61,33,72,43,56,35,45,53,67,50,85,44,35,63,73,46,70,56,48,27,35,33,33,51,74,68,70,28,62,60,24,15,41,48,22,14,52,64,42,38,28,60,65,43,53,51,70,63,69,77,66,73,74,23,59,33,49,73,70,42,71,42,46,32,44,57,63,31,49,11,82,71,55,51,43,38,62,30,39
2016-02-01,63,49,25,68,30,67,62,43,65,44,55,60,48,46,46,43,43,47,49,24,25,23,40,69,40,44,76,62,43,25,23,83,51,64,56,76,46,35,19,50,31,60,28,71,43,55,35,49,52,69,53,67,40,39,63,61,40,71,55,48,25,37,33,36,49,74,63,70,29,70,52,25,13,39,45,20,14,53,60,40,38,31,62,61,38,54,52,59,62,71,78,76,76,76,26,36,34,47,73,65,42,72,41,46,32,41,55,53,30,48,11,81,64,53,50,41,37,62,27,38
2016-03-01,60,47,25,67,29,68,63,42,66,44,55,63,49,45,43,44,43,52,49,23,26,23,37,66,40,45,76,62,42,22,22,83,52,69,56,75,48,38,19,57,30,61,43,74,43,56,32,61,55,68,53,65,38,37,61,68,46,72,60,48,24,34,34,35,49,73,64,64,30,68,52,21,15,39,45,20,13,54,63,42,39,30,66,59,41,52,50,57,58,72,79,83,72,74,27,39,32,46,75,76,41,73,42,50,39,39,51,52,29,46,11,76,62,53,53,44,38,59,26,36
2016-04-01,55,45,24,66,28,68,59,40,64,44,55,57,52,45,41,41,39,45,49,21,24,21,36,62,40,43,73,59,40,22,21,81,50,69,55,73,44,35,17,50,29,59,30,71,38,51,41,76,53,71,50,68,36,36,59,63,36,69,54,45,24,32,34,33,48,76,62,61,30,75,51,20,12,36,43,20,13,53,57,37,38,34,73,57,38,49,48,55,55,70,76,80,68,82,26,39,31,45,70,62,39,73,38,45,47,38,49,51,31,46,11,76,64,50,50,44,37,61,26,36
2016-05-01,65,45,23,71,28,67,60,40,62,48,54,59,52,47,42,42,39,46,47,21,22,21,36,62,39,41,74,56,40,22,20,81,49,66,56,71,41,38,17,56,28,60,25,69,37,50,49,84,56,69,51,68,38,48,57,65,42,68,55,43,22,49,32,31,48,80,61,60,29,76,51,25,13,36,44,20,11,50,58,41,38,41,67,56,46,46,53,59,56,69,78,88,70,77,24,39,28,43,67,62,39,71,40,43,53,35,56,50,29,43,11,75,66,48,49,44,40,60,24,35
2016-06-01,66,44,23,68,28,66,60,40,66,51,56,60,70,46,41,41,40,43,50,21,22,21,36,58,37,41,76,60,41,22,21,80,49,60,55,69,42,41,17,52,28,72,25,73,38,47,54,71,55,68,54,75,40,38,57,68,47,68,59,46,23,30,31,34,48,82,59,62,29,85,51,25,12,34,43,20,12,51,54,41,41,38,66,52,40,47,49,61,53,71,77,88,66,77,28,36,31,45,67,66,40,74,38,44,51,37,50,51,29,47,10,73,66,44,51,47,48,67,25,35
2016-07-01,77,40,21,60,29,64,52,37,56,46,50,58,56,34,32,33,31,34,48,20,18,18,34,56,34,35,72,52,53,24,18,76,42,53,53,61,34,36,14,38,28,61,21,59,29,43,45,65,59,68,58,66,37,39,53,66,33,60,58,38,22,20,25,24,48,86,54,57,27,76,45,19,12,31,43,20,11,43,42,39,40,40,83,51,43,40,51,58,47,100,70,77,64,73,54,37,27,36,62,83,38,74,30,49,37,31,51,44,30,41,10,68,59,42,53,51,43,77,23,33
2016-08-01,77,38,20,57,27,61,49,34,52,40,48,49,58,35,29,33,28,33,46,19,17,17,31,54,31,37,69,48,51,22,17,71,40,53,51,59,33,34,13,34,28,51,18,57,28,44,40,62,53,67,56,58,33,30,53,58,26,52,44,36,20,20,23,22,46,71,57,63,26,71,40,18,11,30,43,20,11,40,40,34,36,71,76,51,41,41,50,55,48,74,63,74,66,74,23,39,27,31,61,54,34,72,31,48,31,31,49,42,29,43,10,66,57,41,50,45,39,74,25,31
2016-09-01,68,41,23,64,26,64,57,41,59,45,51,59,48,41,42,39,38,47,46,22,21,20,34,53,36,38,71,62,42,20,19,79,49,57,54,70,43,35,16,48,28,56,41,65,39,47,40,69,51,64,47,64,38,32,56,61,48,68,58,43,22,27,30,28,46,64,70,69,29,76,48,19,11,31,42,24,11,48,57,37,36,41,57,54,41,44,50,59,51,72,71,73,70,70,26,34,27,46,68,64,41,73,39,42,37,34,48,49,29,60,10,74,60,49,47,44,32,54,26,31
2016-10-01,68,42,23,62,28,66,57,37,58,39,55,56,44,42,48,40,36,44,42,22,21,20,36,60,36,40,69,57,40,22,19,76,47,56,53,76,42,34,16,45,27,58,33,62,36,45,27,63,51,63,44,73,40,33,62,70,38,63,52,42,22,29,27,27,48,62,56,64,27,82,50,23,10,35,42,24,11,48,56,40,36,26,61,59,42,51,48,57,58,69,75,78,66,73,23,35,31,43,74,61,39,69,38,41,38,36,54,55,30,44,9,68,56,49,44,39,27,50,28,33
2016-11-01,60,42,24,63,27,68,58,37,59,51,60,59,44,45,51,42,39,50,40,23,22,20,38,58,36,39,69,57,40,22,19,78,48,56,53,76,45,33,16,48,28,58,39,65,37,47,27,48,53,62,41,76,46,42,66,79,43,68,56,45,25,33,30,28,48,63,55,70,24,79,50,38,11,34,42,22,11,50,60,46,37,27,55,70,50,54,51,69,65,67,82,100,64,73,23,36,31,43,71,62,41,68,40,37,35,39,80,55,28,44,9,74,65,53,40,35,24,47,29,32
2016-12-01,77,45,25,62,29,64,55,38,59,39,62,55,43,43,54,41,37,41,36,24,20,19,40,66,39,40,74,57,41,24,20,89,46,52,51,66,41,37,16,45,27,57,40,66,30,42,22,38,62,63,43,81,45,62,77,83,33,62,53,43,29,39,27,26,48,70,49,64,22,94,51,64,20,34,39,24,12,45,53,47,36,23,54,79,55,67,57,93,61,65,91,96,67,77,21,35,33,38,64,62,41,67,37,35,27,41,53,56,29,40,9,73,67,50,41,36,24,51,33,35
2017-01-01,68,43,24,64,28,68,58,36,62,51,57,59,50,43,43,42,40,51,44,22,22,20,37,61,36,38,72,65,39,21,21,80,53,53,53,81,47,35,19,49,27,58,29,68,39,44,43,36,51,63,49,80,41,33,61,69,45,68,56,45,24,38,30,28,49,69,62,69,26,88,53,22,15,36,41,23,10,48,62,48,37,26,57,62,43,52,51,64,58,70,75,84,71,67,23,45,29,48,73,62,49,70,39,41,30,37,64,56,27,49,9,76,67,53,45,40,34,59,33,31
2017-02-01,63,44,22,61,27,68,56,35,60,47,50,58,48,42,42,40,38,44,46,20,21,19,37,61,36,39,70,61,40,21,20,78,49,57,52,73,45,34,17,48,27,55,28,65,38,44,33,44,49,63,48,66,38,37,62,61,37,68,54,43,22,33,30,31,46,68,61,63,28,96,50,24,11,36,41,21,10,46,57,45,35,28,65,59,38,53,54,57,62,71,76,79,75,76,24,39,29,45,71,63,43,71,37,42,29,37,62,50,27,45,10,74,67,53,46,41,32,60,32,32
2017-03-01,62,41,22,61,26,69,58,36,60,51,50,61,47,42,40,39,41,48,47,20,22,20,34,58,35,37,70,61,37,20,19,78,50,65,54,75,47,34,17,52,26,57,40,64,40,43,35,56,51,64,48,66,38,36,59,67,43,69,58,45,20,32,32,30,45,70,64,62,27,95,50,20,10,35,39,20,9,50,61,42,35,28,67,54,39,48,54,56,56,72,73,76,71,73,25,36,27,43,70,67,41,74,39,43,38,33,45,49,28,46,9,73,64,52,50,42,33,54,28,31
2017-04-01,60,40,20,61,25,66,54,33,56,62,51,58,49,40,37,37,37,41,45,19,20,18,33,58,35,38,68,53,35,19,18,75,47,65,53,67,41,33,15,44,26,56,26,64,34,42,36,76,52,67,49,68,36,35,61,67,33,62,57,40,20,29,29,29,45,74,57,57,26,97,46,19,12,32,40,18,9,47,55,45,35,29,76,54,46,50,56,55,54,72,69,75,67,70,22,38,26,40,71,64,38,72,36,43,47,34,44,47,28,44,9,71,63,46,47,42,33,63,31,31
2017-05-01,57,40,21,69,24,70,57,33,61,61,53,64,48,42,37,38,36,45,46,19,20,19,37,58,34,37,70,57,33,18,18,79,49,65,55,71,43,34,15,47,27,60,27,69,36,42,52,80,56,66,50,72,37,46,61,73,41,65,73,42,20,33,29,28,47,81,58,59,27,94,51,25,13,32,40,19,9,48,59,46,37,37,69,56,51,48,58,59,57,72,77,82,69,72,25,37,25,45,70,64,40,73,38,43,56,34,51,50,27,46,9,73,71,50,47,46,34,61,32,29
2017-06-01,65,40,21,65,25,72,57,35,62,56,55,68,50,39,39,37,36,49,48,19,20,18,35,54,35,36,74,59,34,19,18,81,50,59,57,77,43,36,16,46,26,58,25,73,36,43,60,70,58,67,55,75,41,38,62,73,44,68,82,44,21,31,27,28,50,86,60,61,28,90,51,24,11,33,40,20,8,48,53,42,40,46,69,54,46,48,57,62,51,79,77,84,68,76,27,38,28,44,71,74,45,85,38,46,53,31,49,50,30,47,9,75,72,46,48,50,41,70,32,28
2017-07-01,72,40,21,61,25,70,55,33,56,49,54,57,54,36,35,35,32,38,52,19,18,17,33,58,35,34,71,57,37,19,17,78,47,56,57,71,38,38,15,39,27,55,20,58,31,42,59,66,64,72,63,74,38,42,61,73,36,63,52,41,22,24,24,25,50,83,60,65,27,90,56,21,12,32,42,21,9,42,45,41,35,46,89,57,49,46,68,64,53,81,73,68,74,75,52,39,26,39,70,61,42,92,32,51,39,33,48,52,33,47,9,74,68,46,56,52,45,83,35,29
2017-08-01,88,38,19,59,25,68,51,32,53,47,50,52,57,38,31,35,30,36,49,19,16,16,31,59,33,36,70,54,39,19,16,77,45,56,54,66,36,34,14,37,29,53,20,58,29,41,54,64,56,73,61,63,36,33,63,65,25,57,52,38,21,22,21,23,47,75,60,69,26,91,50,20,11,31,41,21,9,43,46,38,33,40,92,56,48,49,67,61,53,75,70,65,73,79,24,41,24,34,67,62,38,86,31,51,37,31,46,48,30,47,9,71,68,43,51,49,44,84,40,30
2017-09-01,66,41,23,68,27,70,59,37,61,47,55,62,52,42,43,39,39,49,47,21,20,20,32,57,34,38,75,66,37,19,18,81,51,58,54,77,46,38,15,51,27,54,30,63,39,44,46,72,53,66,51,72,40,33,63,72,47,71,59,44,22,31,27,27,47,63,67,76,27,92,63,21,11,36,40,25,8,50,63,42,32,36,59,58,49,52,60,62,55,73,72,69,73,77,28,36,25,45,75,67,43,82,39,43,44,34,47,62,29,63,9,74,68,49,50,44,33,58,38,32
2017-10-01,76,42,22,69,27,70,59,35,59,42,55,60,48,41,48,40,38,48,45,20,21,20,36,63,35,38,76,61,37,20,18,78,52,59,54,78,46,37,15,51,27,59,32,61,38,44,32,61,54,65,46,72,40,34,68,72,40,70,56,46,21,30,29,26,48,64,56,67,27,97,56,24,10,37,41,27,8,50,64,46,30,28,62,63,48,55,58,61,62,75,74,71,74,75,23,35,27,45,76,66,42,88,39,44,43,37,50,57,29,45,9,75,66,53,49,42,28,55,40,32
2017-11-01,72,42,24,68,27,74,61,36,58,42,65,59,48,43,48,43,40,51,41,23,21,19,33,60,37,37,78,62,38,22,19,83,51,57,54,80,46,35,15,49,28,58,39,62,37,43,34,52,53,67,44,85,45,43,69,87,42,67,56,46,26,35,28,27,52,67,56,70,24,95,63,39,10,35,42,26,9,51,66,46,32,27,56,73,54,58,66,77,69,72,91,89,71,73,23,33,30,43,79,65,43,96,40,37,36,37,49,59,27,43,9,72,72,55,42,38,25,50,44,31
2017-12-01,73,46,23,67,29,66,57,37,59,45,63,53,48,45,52,40,36,44,36,22,18,19,38,67,45,36,80,59,40,22,20,91,49,53,49,70,40,38,13,44,26,54,40,68,30,39,41,40,59,64,45,84,45,62,82,92,36,60,52,44,27,28,23,22,48,72,49,62,21,99,58,63,16,32,38,31,9,45,59,49,31,24,58,81,67,69,67,93,64,66,100,86,72,79,22,35,30,37,66,59,42,82,36,37,25,42,50,60,30,37,9,72,73,52,43,39,26,55,48,32
2018-01-01,69,43,23,71,27,72,60,35,62,43,57,62,53,44,44,41,41,48,45,22,20,19,34,66,38,35,80,70,40,19,19,83,55,57,54,76,45,36,15,48,27,56,26,62,40,43,39,41,50,65,53,80,43,33,65,76,41,71,59,46,23,32,27,26,48,69,64,75,27,94,61,23,12,35,41,37,9,51,66,52,30,26,60,65,49,54,63,68,59,74,78,72,78,73,26,57,29,49,74,68,44,92,39,41,29,38,51,63,28,44,9,78,72,53,51,42,34,66,49,29
2018-02-01,69,42,21,67,27,67,60,35,60,51,51,60,57,40,40,38,39,46,45,19,20,19,36,60,34,35,75,63,41,17,18,77,53,59,54,78,42,37,15,49,26,55,25,66,38,39,60,43,51,66,51,69,38,35,66,63,39,69,56,45,20,32,27,26,47,71,59,66,26,95,53,24,10,35,38,36,8,47,61,49,28,25,60,61,42,57,60,62,59,77,74,67,77,74,24,31,29,45,74,63,43,89,37,42,30,37,61,52,28,44,8,76,67,55,51,42,34,62,50,29
2018-03-01,67,40,21,65,25,71,60,36,59,50,50,59,52,41,39,38,36,47,47,19,20,18,34,60,35,34,77,64,39,17,18,78,53,64,55,76,44,39,18,52,25,58,37,66,39,42,52,55,50,65,51,66,39,35,66,71,41,69,58,51,20,33,28,25,50,74,61,68,30,92,57,20,12,36,39,38,8,47,64,44,28,27,66,59,44,55,69,60,58,85,77,69,75,79,27,35,27,44,76,65,42,92,38,43,40,36,49,52,28,44,9,73,68,49,50,45,34,61,45,28
2018-04-01,55,39,20,69,24,73,58,32,58,50,50,56,53,39,37,36,34,42,47,17,19,17,33,57,34,34,75,57,39,16,17,76,50,66,55,72,40,42,15,51,25,53,24,64,34,39,55,78,52,67,53,70,36,36,62,72,35,65,55,45,19,30,25,25,49,79,57,62,26,97,54,20,10,33,37,37,7,46,59,41,28,30,74,56,49,49,69,57,55,92,72,72,70,73,23,36,25,41,74,61,42,89,36,45,53,34,51,49,29,42,8,73,69,46,54,62,35,65,45,27
2018-05-01,69,39,20,76,23,71,59,32,59,54,52,59,57,40,38,37,34,44,46,17,18,16,33,56,33,34,76,57,38,16,17,79,51,68,55,73,38,38,14,51,25,57,24,71,34,39,67,93,60,71,55,71,37,52,64,76,39,64,62,45,20,30,25,22,50,81,57,59,27,94,51,24,11,32,38,39,8,48,61,42,30,32,73,62,58,50,71,63,56,90,75,73,70,75,25,39,25,44,71,64,48,90,37,45,51,32,50,48,28,44,8,75,71,45,48,50,42,68,46,26
2018-06-01,63,36,20,65,24,68,56,33,60,50,53,58,86,36,39,35,34,42,48,17,18,17,32,51,34,31,76,57,38,17,16,79,52,60,54,72,38,38,15,47,24,71,24,66,35,37,57,69,53,67,54,73,37,37,62,69,43,66,59,46,20,26,25,25,46,84,56,62,26,98,53,23,11,31,36,41,7,46,56,41,35,36,65,57,46,48,65,61,51,75,77,76,70,77,30,36,26,42,67,63,44,90,39,44,57,30,49,48,30,44,8,72,70,45,48,51,38,69,42,26
2018-07-01,64,37,19,62,23,70,53,31,55,52,51,57,77,32,32,33,30,36,48,18,16,16,31,53,32,30,74,56,40,16,15,80,46,55,54,71,37,38,14,40,25,68,18,57,30,33,64,61,59,69,63,73,36,43,59,74,31,63,56,42,20,24,21,22,48,93,53,65,26,86,51,19,12,32,37,40,7,41,49,38,32,42,79,52,51,44,72,65,47,76,73,71,72,72,100,34,23,39,68,62,42,89,35,49,41,30,45,48,31,39,8,72,69,38,54,54,47,82,39,24
2018-08-01,65,35,18,59,23,69,50,29,53,54,47,49,52,32,34,33,27,34,49,17,15,14,34,53,33,28,70,49,39,17,15,75,44,57,54,69,32,33,12,38,26,53,20,60,27,33,76,61,55,74,64,64,32,34,64,66,24,56,49,38,19,26,19,19,45,80,56,68,25,80,46,20,11,34,38,41,7,42,46,37,30,45,94,57,50,47,81,62,52,73,69,67,74,77,25,39,23,32,69,55,36,85,33,50,42,31,47,45,38,41,8,70,66,40,53,52,43,91,44,22
2018-09-01,61,36,20,67,23,66,56,32,55,49,49,57,54,38,44,37,36,47,43,19,17,17,32,53,33,29,72,58,37,16,16,75,51,58,53,73,41,34,14,46,24,53,26,59,36,34,54,72,51,66,49,67,36,32,63,65,43,65,56,44,20,31,27,21,45,65,68,70,26,88,53,20,9,35,35,43,7,48,61,43,27,34,63,57,46,49,63,63,52,70,68,67,72,70,26,33,23,44,69,62,40,84,38,43,44,32,42,52,29,59,8,70,66,47,51,44,32,59,42,23
2018-10-01,62,38,21,70,23,69,58,31,58,50,51,58,49,38,50,39,38,46,42,19,19,17,34,54,36,29,78,59,37,16,16,77,51,59,53,81,44,34,14,49,24,59,30,61,36,34,55,57,51,64,47,73,36,34,68,74,37,67,58,45,20,36,31,23,48,64,53,68,25,87,65,23,9,34,36,43,7,51,62,45,28,27,60,59,47,56,62,64,58,71,75,70,73,68,25,34,26,44,76,62,41,82,37,42,41,35,43,59,30,40,8,73,65,46,48,41,28,55,45,24
2018-11-01,68,38,22,67,25,72,60,33,59,48,62,58,49,44,50,41,43,53,39,21,19,17,34,58,35,29,75,57,41,17,17,82,52,57,50,77,43,34,14,54,23,56,36,63,34,33,44,46,52,62,43,94,42,43,71,82,41,65,57,46,24,34,30,24,48,66,52,68,23,88,59,38,9,34,35,44,7,48,65,49,29,25,55,73,55,60,63,77,66,69,88,80,71,72,23,31,29,42,77,63,43,77,37,38,36,35,48,59,28,41,8,73,75,48,43,38,25,49,48,24
2018-12-01,71,40,21,65,27,68,57,32,58,49,64,57,47,42,52,39,37,45,37,20,17,16,36,62,38,30,80,56,43,20,18,92,49,54,47,67,39,35,13,56,24,56,38,65,28,31,41,38,58,66,46,100,41,61,85,97,33,61,58,43,26,32,26,23,44,72,48,63,21,90,59,63,16,34,36,50,7,44,58,58,30,22,61,84,71,71,70,92,66,65,96,78,76,78,22,31,28,41,65,68,44,67,33,38,24,41,47,58,31,38,8,73,74,45,42,37,27,56,54,26
2019-01-01,68,38,21,72,24,73,60,31,60,54,55,61,55,41,43,39,38,48,46,19,18,17,35,58,34,29,84,67,42,17,17,80,55,54,52,81,42,35,14,51,24,54,26,67,37,34,60,38,50,65,52,84,38,35,68,78,41,68,59,45,22,33,29,25,49,74,61,71,26,79,61,23,12,38,37,44,6,48,62,57,27,23,63,71,49,56,66,70,58,71,74,68,81,71,24,42,26,50,78,65,45,75,37,43,31,36,51,60,28,42,8,82,75,55,52,42,34,63,55,23
2019-02-01,67,37,20,67,23,68,58,29,58,45,49,58,52,37,39,37,36,47,45,18,18,16,32,55,34,28,78,60,40,15,16,80,55,62,52,77,41,33,14,51,23,53,25,62,36,34,44,44,48,68,50,69,33,38,67,62,36,64,56,46,19,39,31,27,47,76,58,64,25,80,100,24,10,35,34,41,7,51,58,50,26,25,66,63,43,55,66,61,56,74,73,61,80,73,25,41,24,45,74,63,43,78,35,43,35,35,46,72,28,47,8,76,70,57,50,44,31,64,44,22
2019-03-01,65,38,20,64,23,73,59,30,60,46,50,57,54,40,40,38,37,51,47,18,19,16,35,54,34,29,76,61,40,15,16,81,54,70,55,80,43,34,15,54,24,61,43,68,37,36,43,62,51,69,53,70,34,38,67,69,39,66,59,45,20,36,30,26,48,78,60,66,28,86,62,21,10,36,34,33,6,50,61,49,28,29,70,62,44,55,72,60,59,79,75,63,79,76,25,37,24,46,78,67,41,81,36,46,49,33,44,54,29,44,8,78,70,52,54,48,36,63,42,22
2019-04-01,65,38,19,69,23,75,60,29,59,50,50,59,53,43,70,38,36,46,47,17,19,16,32,56,33,29,71,61,40,15,16,78,53,70,56,78,41,34,14,51,23,55,27,69,34,35,53,78,54,73,55,69,34,39,69,72,34,66,59,46,20,36,29,29,50,82,58,64,27,86,55,21,11,35,34,25,6,53,60,48,27,30,90,65,53,55,74,59,57,80,73,61,78,75,25,38,24,48,76,63,42,85,37,47,48,33,42,48,29,42,8,75,73,50,50,49,35,68,41,22
2019-05-01,61,38,20,71,23,74,60,28,61,53,51,63,56,45,39,39,35,48,47,17,18,16,33,54,34,31,72,59,41,15,16,79,53,70,54,77,39,33,14,51,23,57,26,75,34,34,58,84,57,72,53,69,34,50,71,74,39,66,67,45,20,39,28,24,49,84,58,65,26,89,54,27,12,37,35,23,6,53,60,46,30,33,79,64,57,56,76,61,56,78,75,62,76,74,29,36,24,46,76,65,43,84,38,47,59,33,45,49,29,45,8,78,78,51,50,47,36,66,42,23
2019-06-01,63,35,19,65,23,78,58,28,57,58,52,57,62,37,38,37,37,48,49,17,18,16,32,51,35,28,71,59,41,16,16,79,51,65,56,83,38,36,14,47,23,59,26,63,35,33,81,76,56,72,59,75,35,40,67,78,42,64,60,46,20,34,28,26,48,100,55,62,27,85,55,26,11,35,35,22,7,51,56,46,35,38,73,60,55,48,92,61,55,86,79,65,74,74,27,35,24,43,78,64,47,85,39,50,62,31,45,49,32,53,8,74,74,42,55,53,42,79,43,22
2019-07-01,62,35,19,66,23,76,58,27,56,54,50,59,59,32,34,34,34,42,52,18,17,15,34,53,33,26,75,62,40,15,15,79,49,60,56,78,37,37,14,45,24,61,20,57,33,33,69,60,65,75,67,71,33,44,64,74,36,65,60,44,19,31,28,25,48,100,55,66,28,77,52,21,12,35,35,22,7,50,52,43,29,46,92,58,53,48,82,67,53,87,78,61,79,76,57,36,22,41,75,61,45,94,34,53,42,30,42,47,33,45,8,73,71,43,57,57,47,91,48,21
2019-08-01,63,35,18,59,24,73,54,26,55,52,48,54,54,32,33,34,30,35,52,19,15,14,32,57,33,25,67,54,43,16,16,78,48,71,57,68,33,34,12,41,26,56,22,61,28,33,66,66,59,80,70,64,31,37,72,72,26,58,55,40,19,30,25,22,49,88,59,72,27,74,50,21,11,36,37,23,7,49,49,44,27,45,100,65,56,53,99,65,56,80,73,58,82,82,28,43,22,35,71,64,40,89,33,55,46,31,47,47,35,48,8,70,69,41,56,51,46,100,46,20
2019-09-01,64,35,21,69,25,71,61,31,60,48,49,62,59,38,45,40,38,48,47,19,18,17,39,52,33,27,67,68,41,17,17,77,53,64,59,79,42,38,15,59,23,53,89,63,38,31,47,70,53,67,53,69,33,34,69,69,46,67,68,47,21,36,31,27,48,71,66,71,28,74,56,21,10,36,35,23,7,56,62,48,26,35,68,63,50,54,87,64,56,76,71,54,80,73,27,35,22,45,75,68,45,82,38,47,57,31,43,53,29,62,8,70,67,46,53,45,36,64,45,21
2019-10-01,59,37,21,67,25,72,59,30,60,52,51,61,56,39,44,40,39,51,45,19,19,17,34,57,33,27,70,70,42,17,17,81,54,65,53,81,44,37,15,53,23,57,36,64,36,30,62,57,53,68,50,75,33,34,73,78,37,69,61,48,20,35,34,26,47,72,57,67,27,84,57,24,9,37,34,23,7,53,62,51,26,26,67,67,49,60,73,63,62,75,76,55,78,76,25,33,25,45,79,67,43,80,38,45,44,34,47,55,31,45,8,73,71,48,51,42,30,58,48,21
2019-11-01,64,37,22,65,27,78,61,29,61,50,61,61,54,43,49,43,40,53,41,21,18,17,34,60,36,27,68,66,45,18,17,83,54,60,53,82,43,35,14,54,23,58,37,65,35,30,56,48,54,70,45,85,37,44,79,89,40,65,60,48,24,41,33,27,51,75,55,73,25,76,62,40,9,37,32,23,7,52,65,53,27,26,67,82,62,65,82,78,68,76,87,62,78,76,24,33,28,43,81,66,45,77,39,44,51,36,48,60,30,45,8,77,77,52,45,40,27,55,50,22
2019-12-01,72,40,22,66,28,73,64,30,62,48,61,56,52,41,46,42,39,50,38,21,17,17,38,63,37,28,72,66,46,19,18,95,51,57,51,73,40,50,13,66,24,53,40,66,30,29,49,40,61,68,50,86,37,63,90,95,34,60,59,46,26,35,29,25,50,86,52,66,22,81,63,64,15,36,33,23,8,51,59,60,27,25,65,94,72,76,83,94,67,73,96,58,82,83,24,33,29,40,73,63,47,73,36,44,29,39,45,59,29,40,8,73,82,47,49,49,29,61,54,23
2020-01-01,72,38,21,70,26,76,62,29,65,49,53,63,55,41,45,45,39,52,46,20,19,17,34,59,33,27,73,80,45,17,18,83,61,60,55,84,44,41,15,62,25,56,30,74,38,31,43,42,51,71,54,79,35,34,71,76,44,72,66,49,23,39,31,26,50,80,63,77,27,74,65,24,12,37,35,22,7,56,66,59,27,24,69,76,50,61,78,68,62,79,78,54,85,77,26,44,25,48,79,68,46,85,38,44,32,34,50,60,27,45,8,81,77,52,51,43,36,66,49,20
2020-02-01,63,38,20,64,25,73,60,27,61,55,48,61,57,38,39,42,36,48,48,18,18,17,33,54,33,28,68,73,44,17,17,83,64,67,55,79,42,33,14,53,24,54,28,68,37,30,57,46,52,72,53,65,31,39,74,66,36,69,63,48,20,34,29,24,47,82,61,71,28,78,60,25,9,36,33,21,7,55,63,56,28,26,77,68,45,63,77,65,59,81,78,53,87,78,27,40,25,47,79,66,45,82,36,45,36,34,49,55,29,45,8,78,74,49,50,41,35,68,47,21
2020-03-01,91,38,22,58,27,65,65,30,64,65,40,66,38,43,37,40,34,60,35,21,19,19,37,58,34,32,61,58,48,21,19,74,100,79,43,65,47,27,14,52,22,62,33,73,30,23,44,36,46,71,37,51,28,29,81,76,54,65,70,46,19,39,27,25,37,74,80,59,19,93,49,14,9,36,30,25,9,69,80,81,25,19,63,59,100,69,94,47,49,71,75,45,64,67,20,27,29,51,72,67,48,56,42,29,33,38,47,43,19,37,8,78,68,40,37,28,24,51,67,22
2020-04-01,100,42,23,60,29,86,66,30,71,56,44,58,30,47,39,49,32,58,31,21,22,20,40,69,37,35,63,48,49,26,21,85,78,100,40,73,48,24,14,46,22,82,25,83,25,20,46,31,54,78,26,57,32,39,100,70,41,51,66,55,22,33,28,24,34,88,100,63,15,97,90,15,14,42,29,24,9,63,79,83,25,16,66,91,81,100,93,48,57,71,77,66,47,81,19,31,34,54,93,65,40,44,44,20,24,40,51,64,14,31,8,82,81,42,18,20,17,39,77,23
2020-05-01,81,37,22,64,26,100,67,31,64,54,52,60,33,44,34,50,35,58,44,21,19,18,36,61,34,28,62,59,45,21,18,91,67,93,55,86,46,28,14,48,22,65,31,78,30,29,55,40,60,85,33,71,34,48,90,92,41,60,67,52,22,35,27,30,46,94,72,77,25,100,85,22,12,37,29,22,8,59,72,69,27,23,71,84,80,83,93,61,66,91,86,74,60,99,28,38,31,50,100,66,37,75,43,24,26,37,48,62,16,37,8,80,84,44,21,29,21,51,57,20
2020-06-01,70,35,21,68,25,93,62,30,61,65,52,66,36,39,32,41,36,54,56,20,18,17,32,56,32,25,66,71,42,18,18,85,60,77,63,91,48,33,15,55,23,61,27,67,38,32,79,50,56,79,45,69,34,51,76,83,40,71,72,52,22,32,29,24,52,96,64,77,31,95,59,37,10,36,31,22,7,61,63,60,35,30,84,77,57,62,89,67,63,98,82,69,79,82,28,38,27,47,94,71,41,100,37,38,28,30,47,51,24,43,8,80,81,45,30,44,31,68,51,19
2020-07-01,58,32,19,61,23,82,57,27,57,55,51,64,40,31,29,38,32,59,57,18,16,15,30,50,30,22,68,63,41,16,16,81,56,69,60,76,45,33,13,48,22,52,24,61,32,28,67,54,59,80,57,71,32,41,72,78,30,68,67,48,20,28,26,23,50,97,55,73,30,80,59,21,11,33,32,21,6,57,50,51,26,38,98,67,56,55,97,65,55,90,79,66,80,77,39,40,23,42,80,65,40,99,36,45,52,27,41,49,29,41,8,76,78,40,33,48,36,94,46,18
2020-08-01,65,32,18,53,23,80,53,25,55,63,48,55,53,31,30,37,29,58,53,19,14,14,31,50,30,24,57,57,42,15,16,80,55,67,57,79,43,30,13,46,23,53,22,61,28,28,85,58,59,80,57,67,30,34,74,74,28,60,58,42,19,27,22,19,48,91,57,76,28,74,57,21,9,36,31,21,6,51,48,51,26,39,99,71,58,56,100,65,56,83,72,59,81,84,27,45,21,35,79,67,40,91,34,46,61,28,46,49,28,44,8,74,74,39,31,44,34,94,45,18
2020-09-01,63,33,20,62,22,73,60,28,57,57,46,63,56,37,33,40,36,59,48,19,18,16,31,48,30,25,65,69,39,16,19,75,60,63,55,80,60,31,14,59,21,51,25,61,37,26,64,57,53,67,41,66,29,32,66,68,48,69,71,48,19,32,30,23,46,75,65,80,28,74,57,21,8,35,29,21,6,55,63,55,25,32,65,67,50,53,73,60,56,76,68,53,77,72,27,34,22,45,76,79,44,86,39,36,54,26,39,54,22,54,8,73,74,41,27,34,23,58,42,17
2020-10-01,66,35,21,62,26,78,63,28,61,55,50,67,52,41,32,42,38,53,43,19,17,16,33,52,32,26,65,64,44,19,19,78,61,66,51,81,80,29,12,59,22,59,27,66,34,26,54,51,48,67,34,72,31,34,75,78,39,70,72,46,20,30,31,22,44,77,59,76,25,80,61,25,8,32,31,23,7,53,63,63,26,24,65,74,54,66,71,63,63,78,75,56,75,79,27,33,25,57,87,92,43,85,39,32,47,30,50,59,19,41,8,78,75,42,25,31,22,52,50,18
2020-11-01,80,36,25,61,30,89,73,30,67,69,61,68,47,46,30,47,42,55,38,24,17,18,34,56,33,28,64,64,49,21,19,86,63,69,50,88,77,28,13,56,23,82,30,67,33,26,34,42,55,70,28,82,39,49,83,90,45,71,77,53,27,34,35,22,42,83,59,90,21,86,66,44,9,37,30,25,9,61,74,76,26,17,56,99,65,76,81,82,80,77,98,68,61,79,24,32,29,100,93,83,42,74,39,22,45,30,68,60,15,36,8,85,100,44,21,24,17,39,56,19
2020-12-01,88,34,24,76,26,81,73,31,61,51,62,67,43,39,29,46,43,63,38,24,19,18,30,46,32,25,83,78,40,18,17,94,58,61,51,88,67,32,12,56,19,76,35,58,34,24,48,41,56,61,29,89,41,58,67,99,45,73,63,56,26,37,33,23,45,86,51,89,31,83,61,63,13,34,29,23,9,72,72,68,24,16,55,100,57,57,75,87,81,71,100,73,69,100,31,25,27,94,84,74,46,69,38,24,45,24,39,56,12,36,7,79,98,41,24,24,17,41,43,17
